A,B,C
11,71B,100
11,72,100
29,58B,100
33B,57,100
33B,60,100
36,58B,100
37,58B,100
37B,58B,100
38,60,100
42,58,100
43,58B,100
33B,68,100
29,73,100
40,65B,100
40B,65,100
40,65,100
40B,65B,100
51,55,100
35,73,100
33,75,100
25,85,100
25,85B,100
37,73,100
41,71,100
51,61,100
55,58,100
41,72,100
54,60,100
25,90B,100
51,64,100
51,64B,100
20,96,100
29,88B,100
33,84,100
40,80,100
36,85B,100
20,102B,100
38,84,100
54,68,100
35,88B,100
52,71B,100
25,99,100
52,72,100
41,84B,100
37,88B,100
37B,88B,100
47,83,100
57,74,100
48B,83,100
48,83,100
31B,102,100
31B,102B,100
31,102,100
29,104,100
42,92,100
26,108,100
56,79,100
36,99,100
26,109,100
26,110B,100
37B,99,100
26,111,100
42,95,100
31B,107,100
31,107,100
35,103,100
35,104B,100
36,104,100
40,100,100
31,109,100
40B,100,100
37B,104,100
45,96,100
45B,96,100
37,104B,100
43,99,100
69,73,100
68,74,100
46,97,100
59,85,100
59,85B,100
58,87,100
56,89,100
48B,98,100
44,102,100
43,104,100
42,105,100
55,92,100
56,91,100
56,91B,100
45,102B,100
61,88,100
46,103,100
46,104B,100
55,95,100
71B,80,100
61,90,100
44,107,100
71B,80B,100
67,85,100
64B,88,100
64,88,100
44,108,100
71,82,100
44,109,100
48,106,100
75,79,100
48B,106,100
72,82,100
64,92,100
64B,92,100
67,90,100
67,90B,100
50,107,100
47,110,100
47,110B,100
48,110,100
59,99,100
50,108,100
64B,95,100
50,109,100
49,110,100
49,110B,100
71,89,100
49,111,100
50,111,100
74,87,100
66,96,100
57,105,100
71,91B,100
61,101B,100
61,101,100
79,84,100
59,104,100
75,89B,100
65,100,100
63,102,100
64,101,100
64,101B,100
63,102B,100
69,97,100
75,91,100
67,101,100
85,86,100
85B,86,100
69,103,100
84,89B,100
69,104B,100
84B,89,100
86B,88,100
77,98,100
84B,91B,100
84B,91,100
86B,90,100
86,90B,100
86,90,100
86B,90B,100
83,94,100
87,95,100
77,106,100
78,108,100
86B,101,100
86B,101B,100
78,110B,100
78,111,100
93,98,100
87,105,100
94,98,100
94,106,100
100,100,100
94,110,100
40B,40B,40B
40,66,40B
11,25,75
9,58B,75
11,59,75
29,41,75
26,51,75
37B,41,75
33B,48B,75
41,43,75
36,52,75
21,73,75
40,55,75
43,52,75
9,88B,75
50,51,75
40B,64,75
40,64B,75
40B,64B,75
20,85B,75
25,80B,75
47,58,75
8,98,75
49,58,75
15,96,75
52,59,75
13,98,75
13,98,75
10,102,75
17,96,75
6,107,75
9,104,75
12,102B,75
8,106,75
12B,102B,75
6,109,75
36,82,75
26,92,75
37B,82,75
20,99,75
29,91B,75
31B,90B,75
31,90,75
31B,90,75
48,74,75
35,89,75
58B,66,75
43,82,75
46,79,75
21,104B,75
37,89,75
61,65,75
35,91,75
33B,94,75
37,91B,75
57,72,75
27,102,75
45,85B,75
45,85,75
54,77,75
60,71,75
38,93,75
31,101,75
31,101B,75
65B,67,75
44,88,75
23,110B,75
58B,76,75
27,107,75
46,89B,75
34,103,75
28,110,75
30,108,75
34,104B,75
50,88,75
30,109,75
68,72,75
56,84,75
49,95,75
45B,99,75
44,101,75
44,101B,75
39,108,75
54,93,75
67,80,75
69,79,75
63,85,75
45B,104,75
39,111,75
75,75,75
50,101B,75
65B,86B,75
65,86B,75
47,105,75
63,90B,75
48,105,75
71B,87,75
62,97,75
69,91,75
61,100,75
53,110B,75
53,111,75
81B,83,75
64,100,75
81,83,75
76,88B,75
80B,86,75
80,86,75
74,94,75
78,92,75
66,104,75
78,95,75
81,106,75
81B,110,75
11,54,91
33,41,91
38,52,91
40,51,91
52,54,91
33B,80B,91
33B,80,91
56,58B,91
33,82,91
38,82,91
58,65,91
42,83,91
29,96,91
25,102,91
41,89B,91
40B,92,91
40,92,91
25,107,91
37,96,91
40B,95,91
36,102B,91
55,83,91
65B,74,91
37B,102B,91
43,102B,91
42,106,91
73,75,91
74,80,91
71,85B,91
72,85,91
60,97,91
73,84,91
58,100,91
56,104,91
71B,90,91
59,102,91
72,90B,91
75,88B,91
55,110,91
79,89,91
65B,105,91
79,91B,91
65,105,91
71,99,91
61,110B,91
71B,101,91
61,111,91
64,110B,91
64B,110,91
67,108,91
67,109,91
89,91,91
89B,91B,91
91,91,91
84B,99,91
87,98,91
84,104B,91
84B,104,91
86,107,91
87,106,91
86B,108,91
86,109,91
95,100,91
86B,111,91
33,87,104
104,104,104
33,60,103
103,103,103
11,41,82
33,40B,82
38,40,82
38,40B,82
41,52,82
40,54,82
40B,54,82
33,65,82
11,89,82
11,91B,82
33B,71B,82
51,56,82
25,83,82
57,58B,82
42,73,82
51,71,82
41,82,82
58B,68,82
58,72,82
25,106,82
33,100,82
52,82,82
51,84B,82
25,110,82
29,108,82
38,100,82
29,110B,82
29,111,82
35,107,82
59,83,82
52,91B,82
35,108,82
48B,96,82
35,109,82
65B,79,82
56,88,82
65,79,82
42,103,82
71B,74,82
60,85B,82
37,108,82
57,88B,82
36,110B,82
42,104B,82
36,110,82
37,109,82
37B,110B,82
37B,111,82
37,111,82
46,102,82
55,97,82
46,107,82
43,110B,82
65,89B,82
65B,89B,82
65B,91,82
56,101B,82
56,101,82
55,103,82
79,80,82
60,99,82
55,104B,82
73,87,82
64B,97,82
57,104,82
64,97,82
71,92,82
60,104,82
82,82,82
75,90,82
75,90B,82
67,98,82
71,95,82
72,95,82
64B,103,82
68,99,82
84,85,82
80B,89,82
59,110,82
80,89,82
83,86,82
69,102,82
80,91,82
80B,91,82
80B,91B,82
68,104,82
84B,88,82
67,106,82
77,96,82
84,90,82
84,90B,82
87,88B,82
69,107,82
84B,92,82
71B,105,82
75,101,82
72,105,82
69,109,82
86,98,82
86B,98,82
89B,100,82
93,96,82
87,104B,82
86,106,82
93,102B,82
10,12,12B
12B,12B,12B
59,89,89B
89B,89B,89B
32B,32B,32B
32,53,32B
58B,96,83
58B,102B,83
83,83,83
73,96,83
73,102B,83
73,102,83
73,107,83
85B,96,83
83,98,83
88B,96,83
83,106,83
88B,102B,83
88B,102,83
83,107,83
83,108,83
83,109,83
96,97,83
83,110B,83
83,110,83
83,111,83
96,99,83
97,102B,83
96,103,83
97,102,83
96,104B,83
98,102,83
96,104,83
97,107,83
98,107,83
102,103,83
97,108,83
102B,103,83
102,104B,83
97,109,83
102B,104B,83
102B,104,83
98,108,83
98,109,83
97,111,83
98,110B,83
102,106,83
98,110,83
98,111,83
103,107,83
103,108,83
104B,107,83
103,109,83
106,107,83
104B,109,83
106,108,83
106,109,83
106,110,83
106,110B,83
106,111,83
108,110,83
109,110,83
110,110B,83
110B,110,83
110,111,83
110B,111,83
10,24,24B
24B,24B,24B
11,23,29
4,33B,29
5,38,29
6,41,29
15,33,29
17,33,29
13,40B,29
15,38,29
13,40B,29
29,29,29
19,40,29
19,40B,29
5,54,29
2,58,29
7,54,29
22,40,29
11,53,29
32B,33B,29
32,33B,29
29,37B,29
16,51,29
35,36,29
30,41,29
25,46,29
14,58,29
29,43,29
36,37,29
8,65,29
37,37B,29
37B,37,29
24,51,29
18,58,29
20,56,29
4,74,29
35,43,29
37,43,29
9,71,29
26,57,29
42,47,29
42,48,29
39,52,29
12B,79,29
12,79,29
3,88,29
21,72,29
1,92,29
9,84B,29
35,59,29
26,68,29
25,69,29
1,95,29
2,95,29
6,91B,29
24B,74,29
10,89,29
45B,56,29
12,89B,29
10,91,29
23,80B,29
12B,91,29
48,55,29
3,101,29
44,60,29
3,101B,29
16,88,29
52,53,29
34,71B,29
17,89B,29
28,80,29
28,80B,29
8,100,29
38,70,29
50,60,29
30,82,29
48B,64B,29
48B,64,29
13,100,29
18,95,29
13,100,29
31B,84,29
24,92,29
27,89,29
16,101B,29
50,68,29
27,91B,29
14,105,29
45,75,29
39,82,29
18,105,29
54,70,29
59,69,29
24B,105,29
45B,84B,29
46,86,29
47,87,29
57,78,29
49,87,29
66,71,29
61,77,29
63,75,29
64,77,29
65,81,29
65B,81,29
65B,81B,29
71,76,29
63,84,29
55,94,29
66,84B,29
61,93,29
64B,94,29
80,81B,29
86B,93,29
85,103,106
106,106,106
5,9,28
7,9,28
4,20,28
6,19,28
3,26,28
1,31,28
2,31B,28
17,21,28
13,30,28
13,30,28
12,34,28
8,39,28
18,31B,28
22,27,28
20,32B,28
28,28,28
16,50,28
24,44,28
24B,45,28
10,62,28
7,66,28
32B,45B,28
32,45B,28
14,63,28
9,70,28
18,63,28
5,76,28
23,81B,28
53,81,28
66,70,28
70,76,28
11,12B,69
2,38,69
14,33,69
16,33B,69
18,33,69
1,54,69
18,38,69
15,41,69
23,40,69
12,52,69
6,65B,69
31,42,69
3,74,69
35,46,69
4,79,69
13,72,69
13,72,69
20,68,69
10,80B,69
26,64,69
22,71,69
40B,53,69
30,65,69
7,89,69
21,75,69
5,91B,69
17,82,69
44,55,69
45,57,69
45B,60,69
48B,59,69
27,80,69
32B,79,69
24B,89B,69
36,77,69
47,67,69
50,64B,69
31B,87,69
25,94,69
43,77,69
32,91,69
32B,91,69
37B,93,69
48,86,69
49,86B,69
43,93,69
69,69,69
39,100,69
61,78,69
62,84B,69
71B,81,69
70,89,69
70,91B,69
9,11,61
11,20,61
8,38,61
13,33,61
13,33,61
13,38,61
13,38,61
19,33,61
22,33,61
11,45B,61
6,51,61
19,38,61
9,52,61
28,33B,61
8,54,61
21,41,61
4,58B,61
7,58B,61
26,40,61
25,42,61
13,54,61
13,54,61
31,40B,61
11,66,61
4,73,61
27,51,61
25,55,61
30,51,61
23,58,61
40B,44,61
40,44,61
29,57,61
14,73,61
29,60,61
40B,50,61
32B,58B,61
32,58B,61
5,85B,61
40,50,61
9,82,61
18,73,61
4,88B,61
36,57,61
37B,57,61
6,88,61
35,60,61
31B,65,61
31B,65B,61
31,65,61
45B,52,61
39,58,61
12,85,61
29,68,61
37,60,61
24B,73,61
23,74,61
1,97,61
10,88,61
6,92,61
2,97,61
15,85B,61
15,85,61
20,80B,61
43,57,61
10,90,61
20,80,61
3,98,61
42,59,61
22,79,61
28,74,61
12B,90B,61
12,90B,61
12B,90,61
12,90,61
17,85B,61
17,85,61
1,103,61
5,99,61
37B,68,61
37,68,61
2,103,61
7,99,61
2,104B,61
17,90B,61
19,89B,61
5,104,61
21,89,61
45,65B,61
7,104,61
53,58,61
22,89B,61
10,101,61
10,101B,61
21,91B,61
25,87,61
24B,88B,61
12B,101,61
12B,101B,61
15,99,61
33B,81,61
33B,81B,61
27,88,61
41,76,61
14,103,61
14,104B,61
52,66,61
47,71B,61
47,72,61
48B,71,61
48,72,61
49,71B,61
32B,88B,61
32,88B,61
46,75,61
18,103,61
24,97,61
55,67,61
30,92,61
61,61,61
18,104B,61
36,87,61
34,89,61
45B,80B,61
45,80B,61
45,80,61
34,91,61
61,64,61
34,91B,61
30,95,61
63,65,61
24B,104B,61
63,65B,61
42,86,61
52,76,61
23,105,61
27,101B,61
27,101,61
46,84,61
43,87,61
64B,67,61
39,92,61
31B,100,61
64,67,61
31,100,61
48B,84B,61
56,77,61
28,105,61
39,95,61
54,81,61
32B,104,61
32,104,61
55,86,61
62,79,61
63,80,61
44,100,61
59,87,61
61,86B,61
66,82,61
53,95,61
71,77,61
56,93,61
71B,78,61
64,86B,61
64B,86B,61
64B,86,61
62,89B,61
69,84,61
62,91,61
74,81B,61
70,85B,61
76,82,61
53,105,61
77,84B,61
71,94,61
72,94,61
70,99,61
70,104,61
84B,93,61
5,25,20
7,25,20
10,29,20
20,20,20
15,25,20
9,31B,20
12B,29,20
12,29,20
6,35,20
17,25,20
1,42,20
6,37,20
2,42,20
10,35,20
10,37B,20
10,37,20
12,36,20
22,26,20
12B,36,20
12,37B,20
12B,37B,20
12B,37,20
15,36,20
6,46,20
21,31,20
21,31B,20
17,36,20
9,45,20
17,37B,20
8,47,20
12,43,20
12B,43,20
8,48,20
27,29,20
1,55,20
8,48B,20
2,55,20
16,42,20
13,47,20
26,34,20
17,43,20
13,47,20
3,57,20
13,48,20
13,48,20
13,49,20
13,49,20
27,35,20
27,37,20
5,59,20
1,64B,20
30,35,20
31,34,20
20,45,20
20,45B,20
21,44,20
4,61,20
2,64B,20
19,47,20
24,42,20
2,64,20
19,48,20
19,49,20
4,64,20
22,47,20
14,55,20
22,49,20
12,59,20
21,50,20
4,67,20
3,68,20
5,67,20
9,63,20
16,57,20
18,55,20
7,67,20
15,59,20
6,69,20
14,61,20
17,59,20
30,46,20
28,48B,20
34,44,20
14,64,20
14,64B,20
24,55,20
18,64B,20
18,64,20
34,50,20
39,46,20
24B,61,20
20,66,20
26,62,20
1,87,20
24B,64B,20
24B,64,20
45,45B,20
45B,45,20
3,87,20
4,86B,20
5,86,20
32,61,20
7,86B,20
32B,61,20
7,86,20
25,70,20
27,69,20
19,78,20
31B,66,20
46,53,20
32B,67,20
32,67,20
30,69,20
23,77,20
22,78,20
15,86,20
8,94,20
16,87,20
28,77,20
13,94,20
31B,76,20
31,76,20
13,94,20
45B,63,20
39,69,20
24B,86B,20
45,66,20
24,87,20
49,62,20
50,62,20
23,93,20
32,86B,20
32B,86B,20
32,86,20
45,76,20
28,93,20
48B,81,20
63,66,20
48B,81B,20
48,81,20
67,70,20
63,76,20
62,78,20
53,93,20
70,86,20
77,81B,20
77,81,20
81B,93,20
81B,94,20
81,94,20
11,26,42
9,33,42
9,38,42
21,33B,42
8,51,42
11,50,42
13,51,42
13,51,42
6,58B,42
33B,34,42
10,58B,42
31,41,42
31B,41,42
21,54,42
19,58,42
26,52,42
33,45B,42
22,58,42
10,73,42
42,42,42
27,58B,42
2,83,42
41,44,42
12B,73,42
29,56,42
12,73,42
40,48B,42
40B,48B,42
11,78,42
36,56,42
37B,56,42
44,52,42
8,88,42
14,83,42
42,55,42
10,88B,42
20,79,42
43,56,42
33,66,42
29,71,42
8,92,42
25,75,42
12B,88B,42
18,83,42
5,97,42
4,98,42
50,52,42
38,66,42
13,92,42
13,92,42
6,99,42
35,71,42
26,80B,42
24B,83,42
35,72,42
13,95,42
37,71,42
34,74,42
13,95,42
23,85,42
33,76,42
25,84,42
20,89B,42
4,106,42
6,104,42
1,110,42
1,110B,42
3,108,42
19,92,42
36,75,42
20,91,42
47,65,42
2,110,42
47,65B,42
3,109,42
15,97,42
48,65,42
23,90B,42
48,65B,42
29,84B,42
23,90,42
31,82,42
49,65B,42
3,111,42
17,97,42
19,95,42
38,76,42
27,88B,42
12,103,42
30,85B,42
12B,104B,42
12,104B,42
40,77,42
46,71B,42
40B,77,42
22,95,42
57,61,42
15,103,42
46,72,42
28,90,42
28,90B,42
31B,89,42
58,62,42
17,103,42
14,106,42
17,104B,42
37B,84B,42
60,61,42
57,64B,42
57,64,42
37,84B,42
31,91B,42
24B,98,42
31B,91B,42
16,108,42
14,110,42
45,79,42
45B,79,42
39,85,42
39,85B,42
16,110B,42
44,82,42
22,105,42
16,111,42
47,80,42
60,67,42
18,110,42
61,68,42
49,80,42
28,101,42
49,80B,42
30,99,42
42,87,42
32B,98,42
32,98,42
54,76,42
24B,106,42
27,104,42
64,68,42
51,81,42
50,82,42
40,93,42
30,104,42
40B,94,42
24,110B,42
59,75,42
45B,89B,42
45,89,42
24,111,42
45,91,42
62,74,42
53,85B,42
53,85,42
39,99,42
69,72,42
55,87,42
53,90B,42
59,84,42
60,86B,42
48B,100,42
48,100,42
64B,87,42
63,89,42
63,91,42
63,91B,42
68,86B,42
66,89B,42
78,80,42
78,80B,42
65,94,42
62,105,42
81B,88,42
81,88,42
84,86,42
81B,90,42
81,101,42
81B,101,42
81B,101B,42
81,101B,42
94,100,42
3,9,6
6,6,6
7,8,6
4,19,6
12,23,6
1,34,6
21,24,6
17,28,6
13,32B,6
13,32,6
13,32B,6
13,32,6
22,24B,6
10,39,6
19,32B,6
27,30,6
12B,53,6
14,62,6
8,70,6
3,76,6
18,62,6
5,81,6
15,81B,6
70,81,6
11,33B,79
11,58,79
33B,41,79
38,41,79
33B,52,79
11,74,79
40B,51,79
41,54,79
33,79,79
33B,82,79
11,105,79
51,65,79
51,65B,79
25,96,79
33,89,79
58,65B,79
33,91,79
33,91B,79
52,74,79
38,89,79
25,102B,79
40,88,79
40B,88,79
58B,71,79
38,91,79
56,73,79
38,91B,79
58B,72,79
40,90B,79
40,90,79
40B,90,79
36,96,79
37B,96,79
54,82,79
58,80,79
58,80B,79
43,96,79
57,83,79
40,101,79
40,101B,79
40B,101B,79
40B,101,79
58B,84B,79
54,89,79
56,88B,79
71,73,79
54,91B,79
51,100,79
68,83,79
42,110,79
42,110B,79
42,111,79
65,88,79
74,80B,79
57,98,79
59,96,79
71B,85B,79
74,82,79
71B,85,79
72,85B,79
65,92,79
52,105,79
65B,92,79
73,84B,79
79,79,79
60,98,79
56,103,79
71,88B,79
65,95,79
56,104B,79
65B,95,79
59,102B,79
71B,90B,79
61,102,79
55,108,79
57,106,79
55,110B,79
68,98,79
55,111,79
60,106,79
57,110,79
79,89B,79
61,107,79
61,108,79
67,102B,79
67,102,79
83,87,79
79,91,79
71B,99,79
61,109,79
72,99,79
64,107,79
64B,108,79
75,97,79
84B,88B,79
80,92,79
64,108,79
64B,109,79
64,109,79
67,107,79
68,106,79
64B,110B,79
71,104,79
64B,111,79
80B,95,79
64,111,79
80,95,79
72,104,79
89,89B,79
89B,89,79
75,103,79
75,104B,79
89B,91,79
84,97,79
80B,105,79
80,105,79
84,103,79
86,102B,79
86,102,79
84B,104B,79
86B,102,79
88,100,79
92,100,79
86B,107,79
86B,109,79
87,110,79
87,110B,79
100,101,79
100,101B,79
4,6,17
7,10,17
5,12B,17
5,12,17
7,12B,17
1,23,17
12,15,17
6,24B,17
4,27,17
15,17,17
17,17,17
6,32B,17
2,39,17
10,32,17
14,30,17
16,28,17
23,24,17
24,28,17
14,39,17
24B,30,17
1,53,17
2,53,17
18,39,17
27,32B,17
27,32,17
18,53,17
10,70,17
12B,70,17
3,81,17
3,81B,17
16,81B,17
20,33B,57
11,48,57
11,48B,57
31B,33,57
31,33,57
9,58,57
31B,38,57
20,54,57
35,40,57
33B,45B,57
21,58,57
23,58B,57
38,45,57
9,74,57
34,51,57
40B,46,57
40,46,57
28,58B,57
5,83,57
41,47,57
41,49,57
7,83,57
8,85B,57
8,85,57
25,71,57
33,63,57
13,85,57
8,90B,57
13,85,57
15,83,57
45,54,57
47,52,57
33B,66,57
48,52,57
29,71B,57
38,63,57
42,60,57
13,90,57
1,102,57
13,90B,57
30,73,57
13,90,57
13,90B,57
6,97,57
3,102B,57
11,94,57
10,97,57
37B,71B,57
37,71B,57
36,72,57
1,107,57
19,90B,57
19,90,57
40B,69,57
2,107,57
6,103,57
40,69,57
37B,72,57
25,84B,57
42,68,57
12,98,57
22,88,57
6,104B,57
1,109,57
2,108,57
31,79,57
23,88B,57
2,109,57
53,58B,57
5,106,57
22,90,57
39,73,57
21,92,57
15,98,57
51,62,57
9,105,57
43,71B,57
4,110B,57
57,57,57
4,111,57
17,98,57
26,89,57
5,110,57
55,60,57
43,72,57
21,95,57
26,91,57
54,63,57
26,91B,57
7,110,57
16,102,57
16,102B,57
41,78,57
45B,74,57
31B,89B,57
19,101,57
31,89B,57
15,106,57
14,108,57
22,101B,57
14,109,57
56,67,57
22,101,57
44,79,57
17,106,57
27,97,57
18,107,57
14,111,57
53,73,57
34,92,57
24,102,57
18,108,57
28,99,57
39,88B,57
18,109,57
23,104,57
48B,80,57
48B,80B,57
50,79,57
47,82,57
34,95,57
48,82,57
27,103,57
59,71,57
49,82,57
24,107,57
59,72,57
28,104,57
24B,108,57
30,103,57
44,89B,57
30,104B,57
58,76,57
24B,110B,57
24B,111,57
44,91,57
61,75,57
64,75,57
50,89,57
66,74,57
49,91B,57
53,88B,57
50,91,57
32,110,57
32,110B,57
56,86B,57
32B,110B,57
65B,77,57
56,86,57
32B,111,57
39,104B,57
57,87,57
61,84,57
52,94,57
46,100,57
60,87,57
64,84,57
64B,84,57
62,88,57
74,76,57
67,84B,57
70,83,57
68,87,57
71,86,57
77,80,57
77,80B,57
65,93,57
65B,93,57
75,86B,57
62,101,57
62,101B,57
81B,85B,57
81,85,57
81,85B,57
78,89,57
78,91B,57
84B,86,57
66,105,57
80,93,57
80B,94,57
81,99,57
81B,99,57
70,110,57
76,105,57
81B,104,57
1,5,4
2,5,4
4,4,4
1,7,4
2,7,4
3,10,4
3,12,4
3,12B,4
1,15,4
2,15,4
1,17,4
4,14,4
5,14,4
3,17,4
7,14,4
5,18,4
7,18,4
4,24B,4
12,16,4
12B,16,4
5,24,4
7,24B,4
15,16,4
16,17,4
2,32,4
4,32B,4
4,32,4
12,24,4
15,24,4
17,24,4
14,32,4
14,32B,4
18,32B,4
18,32,4
24B,32B,4
24B,32,4
1,70,4
2,70,4
14,70,4
18,70,4
2,2,2
1,14,2
1,18,2
4,16,2
2,18,2
3,32B,2
3,32,2
24,24B,2
24B,24,2
3,6,32
4,5,32
4,7,32
1,12,32
1,12B,32
2,12,32
2,17,32
10,16,32
14,15,32
5,24B,32
3,27,32
14,17,32
15,18,32
17,18,32
12B,24,32
7,32B,32
7,32,32
15,24B,32
16,27,32
32,32B,32
32,32,32
32B,32,32
4,70,32
24B,70,32
9,23,22
9,28,22
15,26,22
10,31,22
10,31B,22
19,22,22
8,34,22
17,26,22
12B,31,22
22,22,22
3,46,22
20,30,22
6,45,22
4,48,22
7,47,22
5,49,22
12,44,22
7,49,22
12B,44,22
27,31B,22
20,39,22
14,48B,22
16,46,22
12,50,22
17,50,22
6,63,22
3,69,22
24B,48B,22
13,62,22
30,45,22
13,62,22
32,47,22
2,77,22
32,48,22
32B,48,22
19,62,22
5,78,22
39,45B,22
23,66,22
27,63,22
14,77,22
15,78,22
1,93,22
2,93,22
18,77,22
45B,53,22
4,94,22
23,76,22
21,81B,22
21,81,22
28,76,22
18,93,22
34,81,22
47,70,22
24B,94,22
53,66,22
49,70,22
32B,94,22
11,42,71
25,33,71
29,33B,71
11,55,71
29,38,71
33B,35,71
33,36,71
33,37B,71
33B,37,71
36,38,71
37B,38,71
11,64B,71
33,43,71
38,43,71
29,54,71
26,58B,71
31,58B,71
36,54,71
37B,54,71
37,54,71
33,59,71
42,52,71
43,54,71
38,59,71
11,87,71
48B,51,71
40,60,71
40B,60,71
41,61,71
33B,69,71
44,58B,71
31,73,71
21,83,71
25,79,71
31B,73,71
46,58,71
41,64B,71
41,64,71
9,98,71
52,55,71
50,58B,71
40B,68,71
35,74,71
8,102,71
26,85B,71
37,74,71
25,89B,71
8,107,71
52,64,71
52,64B,71
8,108,71
25,91,71
34,83,71
44,73,71
20,97,71
8,109,71
31B,88B,71
23,96,71
31,88B,71
21,98,71
13,107,71
13,107,71
46,74,71
13,108,71
13,108,71
13,109,71
42,80,71
42,80B,71
57,65B,71
57,65,71
13,109,71
20,103,71
13,111,71
13,111,71
40,84,71
23,102B,71
60,65,71
26,99,71
36,89B,71
30,96,71
41,86B,71
21,106,71
19,108,71
56,71B,71
58,69,71
51,77,71
19,109,71
56,72,71
19,110B,71
28,102,71
22,108,71
28,102B,71
19,111,71
26,104,71
21,110,71
44,88B,71
22,110B,71
47,85B,71
43,89B,71
47,85,71
65B,68,71
22,111,71
48,85,71
65,68,71
49,85,71
31B,103,71
49,85B,71
39,96,71
31B,104B,71
55,80B,71
31,104B,71
48B,88,71
63,73,71
55,82,71
47,90B,71
47,90,71
57,80,71
48,90,71
48,90B,71
48B,90,71
59,79,71
50,88B,71
49,90B,71
35,105,71
34,106,71
46,95,71
45,97,71
71,71,71
45B,97,71
71,72,71
61,82,71
69,74,71
34,110,71
51,93,71
64,82,71
71B,75,71
64B,82,71
67,79,71
45,103,71
49,99,71
44,104,71
59,89B,71
53,96,71
50,99,71
48B,101,71
48B,101B,71
45,104B,71
48,101B,71
48,101,71
61,89,71
46,105,71
61,91B,71
65B,87,71
50,104,71
71B,84,71
64,91B,71
71,84B,71
53,102B,71
72,84B,71
67,89,71
57,100,71
67,91,71
67,91B,71
60,100,71
63,97,71
78,85B,71
78,85,71
66,98,71
77,88,71
79,86,71
63,103,71
63,104B,71
80B,87,71
80,87,71
68,100,71
77,92,71
62,110B,71
62,110,71
62,111,71
69,105,71
76,98,71
86,89,71
86B,89,71
86,89B,71
86B,91,71
86B,91B,71
78,99,71
86,91,71
77,101B,71
77,101,71
88,93,71
88,94,71
76,106,71
78,104,71
81B,102,71
81B,102B,71
81,102,71
90,94,71
90B,94,71
92,93,71
81,107,71
81B,107,71
93,95,71
81,109,71
94,101,71
94,101B,71
1,10,7
7,7,7
2,12B,7
4,15,7
6,16,7
12,14,7
12,18,7
12B,18,7
3,30,7
5,32B,7
5,32,7
17,24B,7
24,27,7
7,70,7
32,70,7
32B,70,7
33B,58B,101
33B,73,101
11,110B,101
33B,88B,101
11,111,101
41,83,101
54,73,101
33,97,101
58B,74,101
38,97,101
51,85,101
51,90,101
38,103,101
51,90B,101
40,102B,101
38,104B,101
40B,102B,101
40B,102,101
58,85B,101
41,106,101
41,110,101
54,103,101
58,99,101
54,104B,101
74,88B,101
52,110,101
52,110B,101
58,104,101
58B,105,101
82,83,101
65,102,101
71B,96,101
65B,107,101
65,107,101
65B,108,101
65B,109,101
83,91B,101
65,109,101
85B,92,101
85,92,101
74,104,101
88,90B,101
88,90,101
85,95,101
85B,95,101
90B,92,101
89B,97,101
89,98,101
80,108,101
80B,108,101
88,101,101
80,109,101
91,98,101
91B,98,101
80B,110B,101
90,101B,101
90,101,101
80B,111,101
80,111,101
82,110,101
95,99,101
89,106,101
91B,106,101
101,101B,101
101B,101,101
101,101,101
100,102,101
99,105,101
100,107,101
104,105,101
4,9,23
6,8,23
6,13,23
6,13,23
2,20,23
10,13,23
10,13,23
5,21,23
7,21,23
10,19,23
12B,19,23
1,31B,23
10,22,23
12,22,23
12B,22,23
3,31,23
14,20,23
8,27,23
15,21,23
18,20,23
8,30,23
5,34,23
13,27,23
13,27,23
9,32B,23
9,32,23
20,24B,23
1,45,23
23,23,23
19,27,23
3,44,23
16,31,23
2,45,23
16,31B,23
4,45B,23
15,34,23
23,28,23
17,34,23
3,50,23
24,31B,23
24,31,23
14,45,23
14,45B,23
16,44,23
18,45,23
1,63,23
2,63,23
28,39,23
24B,45B,23
4,66,23
12,62,23
12B,62,23
23,53,23
17,62,23
4,76,23
28,53,23
7,76,23
24,63,23
6,81,23
24B,66,23
21,70,23
32,66,23
32B,66,23
32B,76,23
32,76,23
30,81B,23
30,81,23
39,81,23
39,81B,23
53,81B,23
10,11,35
1,33B,35
4,33,35
11,27,35
14,38,35
12,41,35
2,54,35
24B,33,35
24,33B,35
17,41,35
3,58,35
24B,38,35
10,52,35
23,40B,35
12B,52,35
32B,33,35
14,54,35
28,40B,35
28,40,35
35,35,35
18,54,35
25,48B,35
29,46,35
21,56,35
8,71B,35
20,60,35
26,55,35
37,46,35
13,71B,35
9,75,35
13,71B,35
7,79,35
6,80B,35
42,44,35
6,80,35
31B,57,35
26,64B,35
34,56,35
16,74,35
19,72,35
42,50,35
4,89B,35
9,84,35
22,72,35
12,82,35
5,89,35
12B,82,35
30,65B,35
5,91,35
24,74,35
7,91,35
25,77,35
35,69,35
39,65,35
39,65B,35
15,89,35
50,55,35
45,60,35
37,69,35
15,91B,35
27,80B,35
47,61,35
3,105,35
17,91B,35
49,61,35
30,80,35
32,79,35
45,68,35
49,64,35
48,67,35
53,65,35
34,84B,35
31,87,35
57,63,35
32,89B,35
32B,89B,35
16,105,35
40,81B,35
23,100,35
36,93,35
44,87,35
63,68,35
47,86B,35
62,71,35
48B,86,35
48,86B,35
59,77,35
64,78,35
64B,78,35
70,79,35
66,84,35
75,76,35
59,93,35
53,100,35
76,84,35
70,91,35
67,94,35
86,94,35
6,86,86B
86B,86B,86B
57,88,88B
88B,88B,88B
71,100,105
105,105,105
8,29,44
13,29,44
13,29,44
8,37B,44
23,25,44
13,37,44
13,37,44
25,28,44
19,35,44
12B,42,44
12,42,44
19,37,44
9,48B,44
22,35,44
26,31B,44
1,56,44
26,31,44
5,57,44
10,55,44
7,60,44
20,47,44
12B,55,44
6,61,44
20,48,44
6,64,44
15,57,44
5,68,44
3,71,44
10,64B,44
7,68,44
2,75,44
24,56,44
31,50,44
28,59,44
16,71,44
44,44,44
14,75,44
27,64B,44
30,61,44
27,64,44
22,69,44
45,47,44
32B,60,44
32,60,44
18,75,44
45B,48,44
44,50,44
45,49,44
14,84,44
12,87,44
16,84B,44
18,84,44
9,94,44
17,87,44
39,67,44
24,84B,44
46,62,44
24B,84,44
23,86,44
31B,78,44
49,63,44
21,93,44
48B,66,44
30,86B,44
36,81B,44
36,81,44
37B,81,44
53,67,44
48B,76,44
43,81B,44
43,81,44
39,86B,44
57,70,44
62,69,44
68,70,44
53,86,44
45B,94,44
59,81B,44
63,78,44
76,77,44
66,94,44
99,104,104B
104B,104B,104B
9,31,31B
31B,31B,31B
3,16,16
3,24,16
16,16,16
8,33B,64
11,31B,64
13,33B,64
13,33B,64
9,41,64
19,33B,64
11,45,64
22,38,64
20,41,64
5,58B,64
26,40B,64
33,34,64
20,52,64
15,58B,64
19,54,64
11,63,64
23,51,64
17,58B,64
22,54,64
5,73,64
7,73,64
25,57,64
8,74,64
28,58,64
3,83,64
41,45B,64
40,47,64
13,74,64
13,74,64
40B,49,64
40,49,64
39,51,64
26,65,64
5,88B,64
25,68,64
10,85,64
10,85B,64
7,88B,64
33,62,64
36,60,64
6,90B,64
6,90,64
31,65B,64
45,52,64
12B,85,64
12,85B,64
12B,85B,64
37B,60,64
9,89,64
1,98,64
16,83,64
21,79,64
10,90B,64
38,62,64
9,91B,64
4,97,64
46,56,64
20,82,64
43,60,64
15,88B,64
42,61,64
36,68,64
51,53,64
32,73,64
32B,73,64
41,66,64
6,101,64
4,103,64
6,101B,64
4,104B,64
44,65B,64
44,65,64
3,106,64
42,67,64
21,89B,64
35,75,64
43,68,64
7,104B,64
12,99,64
31,80,64
14,97,64
31B,80,64
12B,99,64
31,80B,64
31B,80B,64
21,91,64
37,75,64
27,85,64
8,105,64
34,79,64
29,84,64
3,110,64
16,98,64
18,97,64
50,65B,64
23,92,64
50,65,64
52,63,64
12,104,64
55,61,64
57,59,64
17,99,64
54,62,64
27,90,64
27,90B,64
30,88,64
23,95,64
40,78,64
40B,78,64
48,71B,64
48B,71B,64
55,64,64
59,60,64
15,104,64
35,84,64
48B,72,64
30,90,64
28,92,64
37,84,64
24B,97,64
17,104,64
16,106,64
24,98,64
34,89B,64
28,95,64
44,80,64
61,64B,64
56,69,64
26,100,64
45,82,64
24B,103,64
45B,82,64
39,88,64
59,68,64
64B,64,64
58B,70,64
64,64,64
42,86B,64
64,64B,64
46,84B,64
24,106,64
30,101B,64
30,101,64
32B,103,64
32,103,64
32,104B,64
45B,91B,64
32B,104B,64
58,81B,64
58,81,64
39,101,64
39,101B,64
55,86B,64
53,88,64
63,80B,64
57,86,64
70,73,64
69,75,64
53,92,64
72,77,64
50,100,64
67,87,64
66,89,64
74,81,64
66,91B,64
70,88B,64
71,93,64
72,93,64
71B,94,64
76,89,64
76,91B,64
76,91,64
86,87,64
86B,87,64
81B,95,64
78,100,64
81B,105,64
81,105,64
9,33B,87
20,33,87
20,38,87
11,47,87
11,49,87
9,54,87
26,41,87
19,51,87
22,51,87
33,45,87
6,73,87
25,56,87
38,45B,87
4,83,87
30,58B,87
41,50,87
34,58,87
6,88B,87
21,74,87
39,58B,87
8,90,87
45B,54,87
42,57,87
27,73,87
13,88,87
29,72,87
49,52,87
13,88,87
5,98,87
3,102,87
7,98,87
35,71B,87
19,88,87
36,71,87
23,85B,87
26,82,87
37B,71,87
8,101B,87
1,108,87
12B,97,87
37,72,87
33B,76,87
12,97,87
8,101,87
31B,79,87
3,107,87
55,57,87
2,110B,87
1,111,87
7,106,87
2,111,87
10,103,87
28,85B,87
48B,65,87
28,85,87
48B,65B,87
22,92,87
4,110,87
13,101B,87
13,101,87
13,101B,87
10,104B,87
13,101,87
43,71,87
56,59,87
12B,103,87
32,83,87
32B,83,87
30,88B,87
54,66,87
31,89,87
36,84B,87
19,101B,87
31,91,87
23,99,87
31B,91,87
16,107,87
55,68,87
14,110B,87
60,64B,87
16,109,87
21,105,87
43,84B,87
47,80B,87
18,110B,87
48,80,87
48,80B,87
18,111,87
52,78,87
27,104B,87
24,108,87
64B,68,87
44,89,87
24,109,87
40B,93,87
45,89B,87
24B,110,87
44,91B,87
32B,106,87
32,106,87
34,105,87
69,71B,87
50,91B,87
63,79,87
32B,110,87
65,77,87
67,75,87
59,84B,87
39,104,87
67,84,87
63,89B,87
53,99,87
62,92,87
53,104,87
62,95,87
65B,94,87
78,82,87
75,86,87
81B,85,87
70,98,87
84,86B,87
81B,90B,87
81,90B,87
81,90,87
80,94,87
87,87,87
70,106,87
77,100,87
93,100,87
11,40,65
25,58B,65
33,56,65
42,51,65
36,73,65
37B,73,65
41,71B,65
38,75,65
57,58,65
43,73,65
58B,59,65
40,80B,65
40B,80B,65
40B,80,65
36,88B,65
58,68,65
31B,96,65
26,102,65
54,75,65
25,104,65
65B,65,65
65,65,65
65,65B,65
42,88,65
43,88B,65
29,103,65
35,97,65
26,107,65
31,102B,65
29,104B,65
37,97,65
60,74,65
54,84,65
51,87,65
37,103,65
37B,104B,65
42,101B,65
55,88,65
56,89B,65
61,85,65
44,102B,65
59,88B,65
43,104B,65
71,79,65
61,90B,65
57,95,65
50,102,65
67,85B,65
71B,82,65
64,90B,65
64B,90,65
64,90,65
47,108,65
55,101B,65
55,101,65
49,108,65
48B,110,65
48,110B,65
47,111,65
49,109,65
63,96,65
48,111,65
77,83,65
72,89,65
71,91,65
79,84B,65
72,91B,65
64B,101B,65
64B,101,65
60,105,65
65B,100,65
67,99,65
85,86B,65
85B,86B,65
68,105,65
84B,89B,65
83,93,65
87,92,65
80,100,65
86,99,65
78,107,65
77,110,65
78,109,65
86,104,65
93,106,65
94,110B,65
33B,40,41
41,41,41
33,65B,41
11,91,41
38,65,41
58B,60,41
58,71B,41
57,73,41
35,102,41
29,109,41
42,97,41
52,89,41
37,107,41
37B,108,41
56,90,41
36,111,41
46,102B,41
67,83,41
43,108,41
54,100,41
43,111,41
68,88B,41
79,80B,41
71,88,41
75,85,41
72,92,41
59,110B,41
80,89B,41
84,85B,41
71,101B,41
82,91B,41
84B,101,41
84B,101B,41
87,103,41
86B,106,41
86,110,41
110,110,110
97,110,110B
110B,110B,110B
109,109,109
9,15,81B
9,17,81B
7,20,81B
6,22,81B
8,23,81B
12B,21,81B
2,31,81B
12,21,81B
16,26,81B
10,34,81B
14,31,81B
1,44,81B
14,31B,81B
2,44,81B
12B,34,81B
18,31,81B
4,45,81B
19,30,81B
24,26,81B
5,45B,81B
1,50,81B
13,39,81B
13,39,81B
7,45B,81B
22,30,81B
20,32,81B
3,49,81B
24B,31B,81B
19,39,81B
8,53,81B
18,44,81B
13,53,81B
13,53,81B
4,63,81B
6,62,81B
5,66,81B
24,50,81B
32,45,81B
32B,45,81B
15,66,81B
3,78,81B
24B,63,81B
27,62,81B
20,70,81B
15,76,81B
17,76,81B
16,78,81B
32B,63,81B
23,81,81B
28,81B,81B
28,81,81B
45B,70,81B
81B,81B,81B
33B,51,58
11,73,58
41,58B,58
51,54,58
11,97,58
11,103,58
41,73,58
11,104B,58
58,58,58
33,85,58
33B,88,58
40B,83,58
33,90B,58
33,90,58
40,83,58
52,73,58
51,74,58
33B,92,58
38,88,58
33B,95,58
38,90B,58
38,90,58
41,88B,58
58,74,58
33,101,58
40B,98,58
40,98,58
38,101,58
38,101B,58
58B,82,58
52,88B,58
54,88,58
54,90,58
41,104,58
40,106,58
40B,106,58
58B,89,58
58B,91B,58
40,110,58
58,95,58
73,82,58
52,103,58
54,101B,58
54,101,58
52,104B,58
56,102B,58
56,102,58
65B,97,58
58,105,58
56,107,58
65,98,58
79,85,58
79,85B,58
74,92,58
74,95,58
79,90B,58
82,88B,58
75,96,58
71,102,58
85B,89B,58
85B,89,58
85,89B,58
85,91,58
85B,91,58
75,102B,58
80B,97,58
80,97,58
71,107,58
79,99,58
89B,90B,58
89B,90,58
88B,91B,58
71,108,58
71,109,58
84,96,58
72,108,58
71B,110B,58
71B,110,58
72,109,58
71B,111,58
72,110B,58
80B,103,58
72,111,58
80,103,58
80B,104B,58
84B,102,58
82,104B,58
84,102B,58
89,99,58
91B,99,58
91,99,58
84B,107,58
84B,109,58
89,104,58
91B,104,58
91,104,58
92,105,58
98,100,58
95,105,58
100,106,58
1,6,5
2,6,5
5,5,5
4,12,5
4,12B,5
5,15,5
7,15,5
7,17,5
10,14,5
3,23,5
2,27,5
1,30,5
10,24B,5
12B,24B,5
14,27,5
12,32B,5
12,32,5
18,27,5
17,32,5
17,32B,5
24,30,5
16,39,5
3,53,5
24,39,5
16,53,5
15,70,5
1,9,39
2,9,39
8,12,39
5,22,39
6,23,39
13,17,39
13,17,39
15,19,39
16,20,39
4,34,39
21,24B,39
3,45,39
27,28,39
32B,34,39
1,66,39
7,62,39
24,45B,39
39,39,39
2,76,39
30,53,39
10,81B,39
22,70,39
12B,81,39
18,76,39
62,70,39
11,51,38
33,38,38
38,38,38
33,54,38
38,54,38
40,58B,38
41,58,38
11,88,38
51,52,38
33B,79,38
11,101,38
11,101B,38
33B,89B,38
33B,91,38
40B,85B,38
41,92,38
51,82,38
41,95,38
40B,99,38
40,99,38
52,88,38
54,89B,38
40,104,38
52,92,38
71B,73,38
40B,104,38
42,102,38
58,89,38
42,107,38
58,91B,38
65,85,38
65B,85,38
65,85B,38
74,79,38
56,98,38
65,90B,38
65B,90,38
65B,90B,38
55,102B,38
55,102,38
61,96,38
75,83,38
71B,88B,38
64,96,38
74,89,38
57,108,38
74,91,38
64B,102B,38
64,102B,38
57,109,38
83,84,38
57,111,38
80B,88,38
71,97,38
72,97,38
80B,90,38
80,90B,38
80,90,38
60,110B,38
60,111,38
75,98,38
82,92,38
72,103,38
71B,104B,38
68,108,38
72,104B,38
82,95,38
68,110B,38
68,111,38
75,106,38
80,101,38
80B,101B,38
80B,101,38
86B,96,38
85,100,38
85B,100,38
91B,95,38
87,102,38
84,106,38
87,107,38
84,110,38
89,105,38
87,109,38
91B,105,38
91,105,38
99,100,38
11,31,55
21,33,55
11,44,55
22,33B,55
21,38,55
8,58,55
12,58B,55
12B,58B,55
13,58,55
13,58,55
34,38,55
28,51,55
31,52,55
31B,52,55
1,83,55
25,60,55
41,45,55
40B,47,55
40,48,55
34,54,55
15,73,55
40B,48,55
9,79,55
17,73,55
6,85B,55
26,65B,55
6,85,55
35,56,55
37,56,55
19,74,55
33B,62,55
22,74,55
9,89B,55
9,91,55
12,88B,55
2,98,55
8,95,55
29,75,55
7,97,55
41,63,55
17,88B,55
42,64,55
26,80,55
42,64B,55
1,106,55
24,83,55
2,106,55
5,103,55
20,89,55
5,104B,55
10,99,55
7,103,55
55,55,55
20,91B,55
23,88,55
27,85B,55
37B,75,55
14,98,55
31B,82,55
3,110B,55
49,65,55
10,104,55
30,85,55
12B,104,55
28,88,55
18,98,55
46,71,55
13,105,55
13,105,55
43,75,55
35,84B,55
55,64B,55
15,104B,55
30,90B,55
36,84,55
37B,84,55
23,101,55
57,67,55
19,105,55
23,101B,55
44,80B,55
18,106,55
27,99,55
16,110,55
43,84,55
28,101B,55
39,90,55
32,97,55
39,90B,55
32B,97,55
50,80B,55
50,80,55
51,81B,55
40,94,55
45B,89,55
24,110,55
67,68,55
45B,91,55
45,91B,55
69,71,55
53,90,55
65,78,55
65B,78,55
57,86B,55
66,79,55
63,82,55
60,86,55
47,100,55
61,87,55
71B,77,55
49,100,55
64,87,55
69,84B,55
68,86,55
53,101B,55
53,101,55
76,79,55
66,91,55
71B,93,55
76,89B,55
70,97,55
81,92,55
70,103,55
81B,92,55
70,104B,55
81,95,55
5,8,30
5,13,30
5,13,30
7,13,30
7,13,30
1,21,30
3,20,30
2,21,30
8,15,30
5,19,30
8,17,30
9,16,30
7,19,30
4,22,30
13,15,30
13,15,30
7,22,30
9,24,30
10,23,30
12B,23,30
14,21,30
2,34,30
6,30,30
10,28,30
18,21,30
12,28,30
12B,28,30
6,39,30
3,45B,30
14,34,30
23,27,30
19,32,30
18,34,30
22,32,30
22,32B,30
24B,34,30
6,53,30
30,30,30
16,45B,30
10,53,30
27,39,30
4,62,30
30,39,30
3,66,30
1,76,30
27,53,30
16,66,30
13,70,30
13,70,30
24B,62,30
19,70,30
24,66,30
16,76,30
12,81B,30
12,81,30
12B,81B,30
32B,62,30
32,62,30
15,81,30
17,81,30
17,81B,30
24,76,30
11,40B,80
11,65,80
11,65B,80
40B,41,80
40,41,80
33B,56,80
11,80,80
40,52,80
40B,52,80
38,56,80
25,73,80
33,71,80
33,72,80
51,57,80
33B,75,80
38,71,80
38,72,80
54,56,80
51,60,80
11,100,80
25,88B,80
33B,84B,80
33B,84,80
33,84B,80
52,65,80
52,65B,80
58,60,80
35,83,80
58B,61,80
51,68,80
58B,64,80
26,96,80
40,82,80
38,84B,80
25,97,80
40B,82,80
58B,67,80
54,71,80
29,97,80
31,96,80
42,85B,80
29,98,80
42,85,80
25,103,80
26,102B,80
46,83,80
25,104B,80
40,89,80
56,74,80
40B,91B,80
40,91B,80
42,90,80
42,90B,80
59,73,80
35,98,80
36,97,80
37B,97,80
37,98,80
54,84B,80
36,103,80
44,96,80
37B,103,80
43,97,80
55,85B,80
67,73,80
55,85,80
36,104B,80
35,106,80
41,100,80
58,84,80
37,106,80
42,101,80
46,98,80
58B,86,80
58B,86B,80
55,90,80
55,90B,80
65B,80,80
65B,80B,80
65,80B,80
43,103,80
61,85B,80
50,96,80
65,82,80
57,90,80
60,88,80
47,102B,80
64,85,80
61,88B,80
57,92,80
64B,85B,80
47,102,80
64B,85,80
64,85B,80
74,75,80
48,102,80
71B,79,80
72,79,80
49,102,80
49,102B,80
46,106,80
50,102B,80
60,92,80
69,83,80
52,100,80
64B,90B,80
55,99,80
47,107,80
67,88B,80
48B,107,80
60,95,80
48,107,80
46,110,80
68,88,80
49,107,80
47,109,80
48B,108,80
59,97,80
48,108,80
48,109,80
48B,109,80
57,101B,80
74,84,80
57,101,80
48B,110B,80
48B,111,80
73,86B,80
73,86,80
80,80,80
61,99,80
71B,89B,80
80,80B,80
71,89B,80
68,92,80
71B,89,80
80B,80,80
72,89B,80
71B,91,80
71B,91B,80
59,103,80
64B,99,80
68,95,80
72,91,80
59,104B,80
64,99,80
61,104,80
69,98,80
64,104,80
64B,104,80
68,101B,80
68,101,80
67,104,80
67,104B,80
85,87,80
86B,88B,80
78,96,80
86,88B,80
87,88,80
69,106,80
87,90B,80
87,90,80
69,110,80
84,95,80
80B,100,80
78,102B,80
78,102,80
75,105,80
82,100,80
86B,99,80
77,108,80
77,109,80
77,110B,80
87,101B,80
87,101,80
77,111,80
86,103,80
84,105,80
86,104B,80
86B,104,80
94,102,80
94,107,80
93,108,80
94,108,80
93,110B,80
94,109,80
93,110,80
93,111,80
94,111,80
65,80,80B
80B,80B,80B
11,38,89
33,52,89
33B,65B,89
40B,58,89
41,79,89
29,102B,89
35,96,89
58B,75,89
25,109,89
54,80B,89
40,95,89
36,102,89
65,74,89
42,98,89
43,102,89
64B,83,89
56,99,89
71,85,89
71B,88,89
55,106,89
72,90,89
60,103,89
68,97,89
59,107,89
84B,85B,89
82,89B,89
71B,101B,89
84,88B,89
64,110,89
89,89,89
67,111,89
91B,91,89
91,91B,89
86,108,89
86B,110B,89
100,105,89
51,58,92
33B,90,92
38,85B,92
33B,90B,92
33,99,92
33,104,92
58B,79,92
38,99,92
41,97,92
54,85,92
54,85B,92
41,103,92
58,88,92
51,95,92
58B,89B,92
65B,83,92
65,83,92
40,110B,92
40B,110B,92
40,111,92
56,96,92
58,101B,92
73,89,92
73,91,92
74,90,92
79,88B,92
65B,106,92
71,102B,92
72,102,92
65,110,92
74,101,92
80B,98,92
80,98,92
71B,107,92
82,97,92
88B,91,92
84B,96,92
71B,109,92
92,92,92
80,106,92
92,95,92
88,105,92
89B,104,92
89,104B,92
91B,103,92
91B,104B,92
101B,105,92
101,105,92
100,110,92
111,111,111
25,33B,72
25,38,72
11,57,72
33B,36,72
33B,37B,72
11,60,72
33B,43,72
11,68,72
25,54,72
29,51,72
41,42,72
35,51,72
29,58,72
37,51,72
33B,59,72
9,83,72
35,58,72
36,58,72
33,61,72
37,58,72
37B,58,72
41,55,72
40,56,72
40B,56,72
33,64,72
33,64B,72
46,51,72
41,57,72
26,73,72
25,74,72
38,61,72
33B,67,72
33,67,72
43,58,72
38,64,72
29,74,72
20,83,72
8,96,72
47,58B,72
38,67,72
48,58B,72
48B,58B,72
49,58B,72
13,96,72
13,96,72
52,57,72
41,68,72
36,74,72
8,102B,72
40B,71,72
37B,74,72
40,71,72
52,60,72
54,59,72
26,88B,72
19,96,72
54,61,72
13,102,72
40,75,72
13,102B,72
13,102,72
13,102B,72
9,106,72
40B,75,72
43,74,72
58,59,72
9,108,72
20,98,72
9,110B,72
33,86,72
33,86B,72
33B,86,72
9,110,72
9,111,72
51,69,72
52,68,72
47,73,72
48,73,72
54,67,72
56,65,72
19,102B,72
19,102,72
42,79,72
29,92,72
49,73,72
50,73,72
35,88,72
26,97,72
22,102B,72
42,82,72
29,95,72
40,84B,72
38,86B,72
22,102,72
38,86,72
40B,84B,72
40B,84,72
28,96,72
37,88,72
60,65B,72
19,107,72
20,106,72
35,92,72
21,107,72
45,83,72
41,87,72
31B,97,72
45B,83,72
31,97,72
37B,92,72
26,103,72
31B,98,72
31,98,72
21,108,72
22,107,72
37,92,72
21,109,72
35,95,72
26,104B,72
25,105,72
20,110,72
42,89,72
21,110B,72
22,109,72
36,95,72
21,111,72
37B,95,72
37,95,72
42,91,72
42,91B,72
59,74,72
48B,85B,72
48B,85,72
48,85B,72
29,105,72
46,88,72
31,103,72
55,79,72
47,88B,72
43,92,72
34,102,72
48,88B,72
46,90,72
46,90B,72
58B,78,72
35,101B,72
35,101,72
57,80B,72
49,88B,72
31B,106,72
48B,90B,72
37,101B,72
43,95,72
46,92,72
57,82,72
52,87,72
54,86B,72
65,75,72
60,80B,72
54,86,72
60,80,72
61,79,72
65B,75,72
44,97,72
34,107,72
36,105,72
37,105,72
37B,105,72
71B,71,72
34,108,72
60,82,72
71,71B,72
45,98,72
64,79,72
64B,79,72
34,109,72
45B,98,72
71B,72,72
34,110B,72
55,89B,72
55,89,72
72,72,72
34,111,72
55,91B,72
47,99,72
55,91,72
63,83,72
48B,99,72
46,101,72
46,101B,72
44,103,72
48,99,72
50,97,72
57,91B,72
44,104B,72
43,105,72
68,80,72
68,80B,72
65B,84,72
65,84,72
66,83,72
61,89B,72
68,82,72
73,78,72
45,106,72
47,104B,72
47,104,72
45B,106,72
48,104,72
61,91,72
48B,104,72
58B,94,72
49,103,72
64,89,72
64,89B,72
50,103,72
49,104B,72
49,104,72
64B,89B,72
64B,89,72
50,104B,72
64B,91B,72
71B,84B,72
64B,91,72
75,80,72
64,91,72
45B,110,72
45B,110B,72
45,110,72
56,100,72
67,89B,72
69,88,72
76,83,72
69,90,72
74,86,72
69,92,72
63,98,72
77,85,72
77,85B,72
62,102B,72
62,102,72
59,105,72
69,95,72
80B,84,72
80,84,72
79,86B,72
78,88B,72
77,90,72
77,90B,72
62,107,72
82,87,72
63,106,72
62,108,72
69,101B,72
69,101,72
62,109,72
66,106,72
75,100,72
86B,89B,72
78,97,72
77,99,72
87,89,72
66,110B,72
66,110,72
66,111,72
81B,96,72
81,96,72
85B,93,72
85,93,72
87,91B,72
87,91,72
85,94,72
85B,94,72
78,103,72
77,104,72
78,104B,72
88B,94,72
90,93,72
81,102B,72
90B,93,72
84B,100,72
76,108,72
84,100,72
76,110,72
76,110B,72
76,111,72
93,99,72
94,99,72
93,101B,72
93,101,72
94,104,72
60,64,64B
64B,64B,64B
1,8,12
5,6,12
3,8,12
6,7,12
5,10,12
3,13,12
3,13,12
6,15,12
3,19,12
12,12,12
8,16,12
12B,12,12
12,12B,12
10,15,12
2,23,12
3,22,12
12B,15,12
4,23,12
10,17,12
12,17,12
1,28,12
13,16,12
13,16,12
12B,17,12
2,28,12
8,24,12
5,27,12
4,30,12
7,27,12
16,19,12
5,30,12
7,30,12
14,23,12
13,24,12
13,24,12
6,32,12
18,23,12
15,27,12
14,28,12
4,39,12
17,27,12
18,28,12
7,39,12
23,24B,12
24B,28,12
4,53,12
30,32,12
30,32B,12
24B,39,12
14,53,12
32,39,12
32B,39,12
6,70,12
24B,53,12
1,81,12
1,81B,12
2,81B,12
2,81,12
32B,53,12
14,81B,12
27,70,12
16,81,12
18,81B,12
30,70,12
24,81,12
24,81B,12
29,33,56
25,41,56
33,35,56
33,37,56
11,61,56
35,38,56
11,64,56
37,38,56
25,52,56
36,41,56
11,67,56
20,58B,56
33,46,56
33B,46,56
40B,42,56
9,73,56
40,42,56
38,46,56
35,54,56
31B,58B,56
8,83,56
20,73,56
40B,55,56
13,83,56
13,83,56
40B,57,56
11,86,56
11,86B,56
40,57,56
47,51,56
48,51,56
46,54,56
41,59,56
49,51,56
19,83,56
6,96,56
33,69,56
45B,58B,56
45,58B,56
22,83,56
10,96,56
48B,58,56
9,97,56
48,58,56
38,69,56
25,82,56
42,65,56
42,65B,56
29,79,56
12B,96,56
12,96,56
41,67,56
40,68,56
6,102B,56
20,88B,56
6,102,56
33B,77,56
26,85,56
10,102B,56
56,56,56
9,103,56
9,104B,56
52,61,56
35,79,56
26,88,56
25,89,56
36,79,56
37,79,56
31B,85,56
26,90,56
25,91B,56
31B,85B,56
26,90B,56
31,85,56
37B,79,56
31,85B,56
19,98,56
8,110,56
29,89B,56
29,89,56
21,97,56
45,73,56
45B,73,56
8,110B,56
52,67,56
13,106,56
13,106,56
8,111,56
22,98,56
29,91,56
55,65,56
55,65B,56
58B,63,56
31,90B,56
48B,74,56
43,79,56
13,110,56
13,110B,56
13,110B,56
54,69,56
27,96,56
13,110,56
35,89B,56
21,103,56
20,104,56
20,104B,56
23,102,56
19,106,56
36,89,56
37B,89B,56
37B,89,56
37,89B,56
33B,93,56
61,65B,56
36,91,56
26,101,56
40,87,56
56,71,56
41,86,56
36,91B,56
40B,87,56
26,101B,56
37B,91,56
37B,91B,56
37,91,56
57,71B,56
22,106,56
64,65B,56
51,78,56
27,102B,56
64B,65B,56
64B,65,56
19,110,56
44,85,56
64,65,56
44,85B,56
23,107,56
31B,99,56
31,99,56
60,71B,56
34,97,56
56,75,56
23,108,56
43,89,56
60,72,56
23,109,56
22,110,56
30,102,56
34,98,56
30,102B,56
45B,88B,56
45,88B,56
43,91B,56
23,111,56
43,91,56
44,90,56
44,90B,56
50,85B,56
50,85,56
28,107,56
31,104,56
47,88,56
55,80,56
58,77,56
31B,104,56
28,108,56
48,88,56
28,109,56
30,107,56
49,88,56
52,86B,56
52,86,56
28,110B,56
47,92,56
66,73,56
49,90,56
68,71B,56
28,111,56
48,92,56
48B,92,56
50,90,56
50,90B,56
56,84B,56
49,92,56
59,82,56
61,80B,56
61,80,56
39,102,56
39,102B,56
42,100,56
47,95,56
44,99,56
48B,95,56
48,95,56
64,80B,56
64B,80B,56
45,99,56
64,80,56
64B,80,56
51,94,56
62,83,56
71,75,56
39,107,56
67,80B,56
72,75,56
47,101B,56
47,101,56
39,109,56
45B,103,56
63,85B,56
73,76,56
45,104,56
45B,104B,56
67,82,56
59,91,56
49,101,56
59,91B,56
49,101B,56
63,88B,56
74,77,56
58,93,56
50,101,56
65,87,56
58,94,56
48B,105,56
66,88B,56
53,102,56
71,84,56
55,100,56
72,84,56
69,89B,56
75,84B,56
62,98,56
53,107,56
53,108,56
63,99,56
53,109,56
66,97,56
64B,100,56
80B,86B,56
80,86B,56
78,88,56
74,93,56
63,104,56
82,86B,56
78,90B,56
78,90,56
84,84B,56
82,86,56
84B,84,56
62,106,56
66,103,56
66,104B,56
77,95,56
76,97,56
86,91B,56
76,103,56
78,101B,56
78,101,56
76,104B,56
77,105,56
92,94,56
87,100,56
81,108,56
81B,108,56
94,95,56
81B,109,56
81B,110B,56
81,110B,56
81,110,56
81B,111,56
81,111,56
93,105,56
94,105,56
8,9,62
8,21,62
3,29,62
13,21,62
13,21,62
1,35,62
10,26,62
6,31,62
6,31B,62
12,26,62
12B,26,62
3,35,62
3,37B,62
19,21,62
3,37,62
20,23,62
21,22,62
16,29,62
1,46,62
13,34,62
13,34,62
2,46,62
20,28,62
6,44,62
16,35,62
4,48B,62
5,47,62
26,27,62
5,48B,62
5,48,62
19,34,62
16,37,62
10,44,62
7,48,62
7,48B,62
6,50,62
22,34,62
27,31,62
24,35,62
12,47,62
14,46,62
10,50,62
30,31B,62
12,49,62
30,31,62
12B,49,62
24,37,62
12B,50,62
15,47,62
15,48,62
15,49,62
17,47,62
18,46,62
17,48,62
17,49,62
23,45B,62
23,45,62
1,69,62
31B,39,62
31,39,62
24,46,62
2,69,62
27,44,62
28,45B,62
20,53,62
28,45,62
30,44,62
8,66,62
27,50,62
32B,48B,62
32,48B,62
4,77,62
22,62,62
31B,53,62
39,45,62
8,76,62
7,77,62
16,69,62
23,63,62
10,78,62
13,76,62
13,76,62
9,81,62
9,81B,62
12,78,62
12B,78,62
30,63,62
24,69,62
28,66,62
17,78,62
34,62,62
4,93,62
45,53,62
5,94,62
7,94,62
20,81B,62
24B,77,62
39,63,62
14,93,62
32,77,62
15,94,62
32B,77,62
53,63,62
24B,93,62
48,70,62
48B,70,62
62,62,62
32,93,62
32B,93,62
32,94,62
45B,81,62
45B,81B,62
66,81B,62
66,81,62
76,81,62
76,81B,62
70,94,62
33B,96,97
58B,83,97
51,102B,97
51,102,97
58,96,97
58B,98,97
73,83,97
51,107,97
51,109,97
58,102B,97
58B,106,97
58B,110,97
83,85B,97
74,96,97
73,98,97
83,88B,97
73,106,97
83,99,97
88B,98,97
83,104,97
92,96,97
88,102,97
88,102B,97
95,96,97
90,102,97
85,108,97
85B,108,97
92,102,97
92,102B,97
85,109,97
88B,106,97
97,97,97
85,110B,97
85,110,97
88,107,97
85B,110,97
85B,110B,97
85,111,97
85B,111,97
88,108,97
90B,107,97
90,107,97
95,102B,97
95,102,97
88,109,97
88B,110,97
90B,108,97
90,108,97
92,107,97
90B,109,97
90,109,97
90B,110B,97
90,110B,97
97,103,97
90B,111,97
90,111,97
98,103,97
97,104B,97
96,105,97
98,104B,97
98,104,97
101B,102,97
101B,102B,97
99,106,97
102B,105,97
101,107,97
101B,107,97
99,110,97
99,110B,97
101B,108,97
101,108,97
99,111,97
101,109,97
104B,106,97
104,106,97
101B,109,97
101B,111,97
101,111,97
104,110,97
104,110B,97
33B,33B,33B
33,103,33B
6,33B,86
13,41,86
13,41,86
5,51,86
23,33,86
19,41,86
20,40,86
27,33B,86
15,51,86
12B,58,86
12,58,86
11,62,86
16,58B,86
9,65,86
22,52,86
3,73,86
35,42,86
38,39,86
24,58B,86
10,74,86
30,54,86
40B,45B,86
40,45B,86
33,53,86
21,65B,86
2,85B,86
35,55,86
38,53,86
3,88B,86
37,55,86
25,67,86
39,54,86
29,64,86
29,64B,86
5,88,86
4,90B,86
4,90,86
7,88,86
8,89,86
26,71,86
36,61,86
37B,61,86
14,85,86
8,91B,86
14,85B,86
1,99,86
21,80,86
27,74,86
19,82,86
2,99,86
37B,64,86
37,64B,86
31B,71B,86
18,85B,86
31,72,86
22,82,86
13,91B,86
43,61,86
16,88B,86
13,91B,86
49,56,86
1,104,86
40B,66,86
5,101B,86
15,92,86
28,79,86
12,95,86
43,64,86
7,101B,86
7,101,86
17,92,86
24B,85,86
9,100,86
26,84B,86
42,69,86
25,86,86
23,89B,86
17,95,86
34,80,86
34,80B,86
52,62,86
24B,90B,86
10,105,86
44,72,86
28,89B,86
12B,105,86
18,99,86
50,71,86
32B,90,86
32,90,86
36,86B,86
47,75,86
32B,90B,86
48,75,86
59,67,86
24,104,86
48,84,86
46,87,86
32,101,86
56,78,86
63,71B,86
60,77,86
65,76,86
59,86B,86
60,93,86
69,87,86
70,88,86
79,81B,86
68,93,86
78,84B,86
66,100,86
81,89,86
70,101,86
70,101B,86
81B,91,86
86,86,86
81,91,86
76,100,86
9,9,9
5,29,9
8,26,9
20,21,9
7,37B,9
24B,25,9
7,43,9
15,37,9
17,35,9
22,31,9
12B,46,9
4,59,9
13,50,9
19,44,9
13,50,9
3,64B,9
32B,36,9
32,36,9
2,67,9
23,48,9
9,66,9
28,47,9
34,45,9
16,64,9
12,69,9
24,61,9
18,67,9
39,48B,9
1,86B,9
31B,62,9
6,93,9
14,86,9
37B,70,9
30,77,9
49,81B,9
66,76,9
53,94,9
78,81,9
8,25,26
13,25,26
13,25,26
6,42,26
13,36,26
13,36,26
22,29,26
26,26,26
19,36,26
21,35,26
19,37B,26
22,36,26
22,37B,26
4,56,26
6,55,26
19,43,26
22,43,26
10,57,26
8,59,26
21,46,26
20,48B,26
34,35,26
12B,57,26
27,42,26
12,57,26
14,56,26
34,37,26
12,60,26
30,42,26
13,59,26
1,71,26
13,59,26
2,71,26
1,72,26
3,71B,26
15,60,26
26,50,26
17,60,26
19,59,26
31,47,26
31B,47,26
31B,48,26
4,75,26
31,48,26
12,68,26
24B,56,26
31,49,26
12B,68,26
7,75,26
23,61,26
14,71,26
30,55,26
17,68,26
2,84B,26
16,71B,26
23,64,26
16,72,26
18,71,26
28,61,26
5,84,26
21,69,26
29,62,26
44,47,26
7,84,26
45,48B,26
6,87,26
44,49,26
30,64B,26
8,86,26
39,55,26
28,67,26
24,72,26
20,77,26
10,87,26
14,84B,26
49,50,26
37B,62,26
37,62,26
18,84B,26
39,64,26
34,69,26
39,64B,26
26,78,26
25,81,26
32,75,26
32B,75,26
24B,84B,26
23,86B,26
48,63,26
48B,63,26
20,93,26
53,61,26
28,86B,26
27,87,26
32,84,26
53,64,26
53,64B,26
44,78,26
46,76,26
45B,77,26
45,77,26
31B,94,26
50,78,26
45B,93,26
45,94,26
67,81B,26
67,81,26
70,84,26
63,94,26
66,93,26
81B,86B,26
81B,86,26
81,86,26
43,65,65B
65B,65B,65B
11,22,25
10,33B,25
8,41,25
9,40,25
9,40B,25
25,25,25
7,51,25
6,54,25
3,58B,25
30,38,25
19,52,25
33,39,25
17,58,25
26,56,25
1,85B,25
21,65,25
12B,74,25
2,85,25
42,46,25
29,61,25
13,82,25
13,82,25
5,92,25
34,65B,25
35,64B,25
37,64,25
23,79,25
18,85,25
36,67,25
31B,72,25
14,90B,25
4,101,25
4,101B,25
48B,60,25
18,90B,25
15,95,25
43,67,25
24B,90,25
44,71,25
45,71B,25
40B,76,25
12,105,25
28,91,25
32B,88,25
16,104,25
32,88,25
51,70,25
37B,86B,25
24,99,25
55,69,25
49,75,25
43,86B,25
47,84,25
32B,101B,25
32B,101,25
32,101B,25
50,84B,25
62,80B,25
53,89B,25
59,86,25
68,77,25
57,93,25
70,92,25
81B,89,25
81,91B,25
1,36,21
2,36,21
2,37B,21
19,20,21
4,35,21
8,31B,21
4,37,21
16,25,21
21,21,21
20,22,21
9,34,21
14,29,21
1,43,21
2,43,21
18,29,21
24,25,21
23,26,21
14,37B,21
5,46,21
6,47,21
7,46,21
24B,29,21
18,36,21
6,48,21
18,37B,21
14,43,21
10,48B,21
13,45,21
13,45,21
12B,48B,21
1,59,21
18,43,21
24B,37,21
19,45,21
22,45B,21
32B,35,21
32,35,21
32B,37,21
3,67,21
8,63,21
9,62,21
28,44,21
23,50,21
27,48,21
7,69,21
13,63,21
13,63,21
30,47,21
28,50,21
26,53,21
30,49,21
24,59,21
39,49,21
3,86,21
12B,77,21
12,77,21
32B,69,21
32,69,21
16,86,21
10,94,21
12,93,21
45B,62,21
34,76,21
17,93,21
31,81B,21
31B,81,21
31,81,21
46,70,21
39,78,21
27,94,21
44,81B,21
62,66,21
53,78,21
69,70,21
11,33,91B
33B,40B,91B
11,79,91B
33B,65,91B
40,58,91B
11,89B,91B
38,65B,91B
33,80,91B
33,80B,91B
40,74,91B
40B,74,91B
38,80B,91B
38,80,91B
54,65B,91B
54,65,91B
51,71B,91B
51,72,91B
41,89,91B
52,79,91B
29,102,91B
41,91,91B
41,91B,91B
33B,100,91B
25,108,91B
60,73,91B
54,80,91B
25,110B,91B
29,107,91B
25,111,91B
35,102B,91B
37,102,91B
37B,102,91B
37,102B,91B
68,73,91B
52,89B,91B
56,85B,91B
56,85,91B
58B,84,91B
46,96,91B
52,91,91B
36,107,91B
36,108,91B
37B,107,91B
61,83,91B
36,109,91B
40,105,91B
40B,105,91B
56,90B,91B
37B,109,91B
64,83,91B
60,88B,91B
43,107,91B
43,109,91B
55,98,91B
57,97,91B
72,88,91B
57,103,91B
75,85B,91B
79,82,91B
71,90B,91B
71,90,91B
57,104B,91B
64,98,91B
64B,98,91B
71B,92,91B
60,104B,91B
69,96,91B
71B,95,91B
59,108,91B
61,106,91B
59,109,91B
84B,85,91B
83,86B,91B
80B,89B,91B
59,111,91B
64,106,91B
64B,106,91B
61,110,91B
69,102B,91B
82,89,91B
68,103,91B
71,101,91B
68,104B,91B
72,101B,91B
72,101,91B
82,91,91B
74,100,91B
75,99,91B
84B,90B,91B
84B,90,91B
67,110B,91B
67,110,91B
75,104,91B
89,91B,91B
91B,91B,91B
84,99,91B
87,97,91B
84,104,91B
86B,110,91B
86,110B,91B
86,111,91B
26,33,68
31B,33B,68
8,58B,68
29,40B,68
29,40,68
31,38,68
21,51,68
35,40B,68
37,40B,68
37B,40,68
33,44,68
37,40,68
33B,45,68
20,58,68
38,44,68
33,50,68
31,54,68
31B,54,68
38,50,68
11,77,68
41,48,68
41,48B,68
20,74,68
12B,83,68
12,83,68
33B,63,68
25,71B,68
23,73,68
25,72,68
44,54,68
13,85B,68
13,85B,68
3,96,68
48B,52,68
35,65,68
17,83,68
9,92,68
28,73,68
1,102B,68
45B,58,68
11,93,68
9,95,68
2,102B,68
2,102,68
19,85,68
19,85B,68
26,79,68
22,85,68
22,85B,68
8,99,68
36,71B,68
10,98,68
21,88,68
12B,98,68
46,65B,68
46,65,68
4,107,68
4,108,68
13,99,68
16,96,68
22,90B,68
13,99,68
8,104,68
4,109,68
7,108,68
5,110B,68
26,89B,68
5,111,68
10,106,68
28,88B,68
14,102,68
13,104,68
57,60,68
7,110B,68
56,61,68
13,104,68
42,75,68
7,111,68
12B,106,68
12,106,68
19,99,68
45,74,68
24,96,68
18,102,68
56,64,68
56,64B,68
14,107,68
34,88,68
21,101,68
12,110,68
21,101B,68
58,66,68
34,90,68
57,68,68
20,105,68
15,110B,68
15,110,68
27,98,68
23,103,68
24B,102,68
42,84,68
46,80,68
24,102B,68
30,97,68
23,104B,68
51,76,68
17,110,68
60,68,68
49,79,68
52,77,68
48B,82,68
59,71B,68
55,75,68
24B,107,68
28,104B,68
61,71,68
24B,109,68
65B,69,68
65,69,68
34,101,68
34,101B,68
35,100,68
41,94,68
68,68,68
47,89,68
39,97,68
48,89,68
63,74,68
37,100,68
49,89,68
47,91,68
47,91B,68
67,71,68
55,84,68
67,72,68
50,89B,68
64B,75,68
48,91B,68
58B,81,68
58B,81B,68
45B,95,68
32,108,68
49,91,68
32B,108,68
32B,109,68
32,109,68
39,103,68
32,111,68
61,84B,68
52,93,68
62,85,68
64,84B,68
45B,105,68
45,105,68
53,97,68
62,90,68
62,90B,68
73,81B,68
53,103,68
71,86B,68
78,79,68
53,104B,68
66,92,68
72,86,68
77,82,68
66,95,68
78,89B,68
76,92,68
78,91,68
69,100,68
81B,88B,68
81,88B,68
84B,86B,68
76,95,68
84,87,68
80B,93,68
82,94,68
70,110B,68
70,111,68
91B,94,68
81,104,68
8,10,53
8,12B,53
1,20,53
9,14,53
12,13,53
12,13,53
4,21,53
12B,13,53
12B,13,53
9,18,53
12,19,53
9,24B,53
3,31B,53
6,28,53
17,19,53
15,22,53
17,22,53
7,34,53
20,24,53
1,45B,53
2,45B,53
21,32,53
23,30,53
21,32B,53
28,30,53
16,45,53
23,39,53
18,45B,53
32,34,53
3,63,53
5,62,53
2,66,53
24,45,53
15,62,53
16,63,53
14,66,53
18,66,53
6,81B,53
14,76,53
10,81,53
39,53,53
24B,76,53
34,70,53
53,53,53
27,81,53
27,81B,53
33,33B,54
33B,33,54
33B,38,54
33B,54,54
33,58,54
41,51,54
11,85B,54
11,85,54
40B,58B,54
11,90B,54
11,90,54
33,74,54
54,54,54
38,74,54
40B,73,54
40,73,54
58B,65,54
58B,65B,54
54,74,54
40,88B,54
40B,88B,54
41,88,54
41,90,54
52,85,54
58,79,54
42,96,54
33,105,54
56,83,54
51,89,54
41,101,54
52,90B,54
41,101B,54
51,91,54
51,91B,54
52,90,54
40,103,54
38,105,54
42,102B,54
40,104B,54
40B,104B,54
58,89B,54
58,91,54
65B,85B,54
55,96,54
65,88B,54
52,101B,54
52,101,54
71,83,54
58B,100,54
57,102B,54
57,102,54
64B,96,54
60,102,54
56,106,54
74,89B,54
65B,99,54
65,99,54
57,107,54
80B,85,54
80,85B,54
80,85,54
80B,85B,54
56,110,54
83,84B,54
60,107,54
60,108,54
71B,97,54
65B,104,54
71,98,54
60,109,54
65,104,54
82,88,54
68,102,54
80B,90B,54
72,98,54
79,92,54
82,90,54
82,90B,54
73,100,54
71B,103,54
79,95,54
68,107,54
68,109,54
71,106,54
88,89,54
80B,99,54
80,99,54
88,91B,54
89,92,54
84B,98,54
91,92,54
82,101B,54
87,96,54
91B,92,54
82,101,54
80,104,54
89,95,54
89B,95,54
79,105,54
75,110B,54
75,110,54
75,111,54
91,95,54
88B,100,54
87,102B,54
84B,106,54
91B,101B,54
91B,101,54
84,108,54
84B,110,54
89B,105,54
84,110B,54
84,111,54
100,104,54
8,11,36
10,33,36
10,38,36
15,33B,36
12B,38,36
17,33B,36
25,29,36
27,33,36
21,40,36
25,37B,36
23,41,36
7,58,36
14,51,36
12B,54,36
12,54,36
28,41,36
36,36,36
34,40,36
34,40B,36
24B,51,36
5,74,36
9,71B,36
19,65B,36
6,79,36
31B,56,36
31,56,36
22,65,36
22,65B,36
3,85B,36
3,85,36
8,80B,36
15,74,36
32,58,36
32B,58,36
2,88,36
1,90,36
20,72,36
11,81,36
13,80,36
13,80B,36
13,80B,36
13,80,36
36,59,36
6,89B,36
37B,59,36
4,92,36
19,80,36
4,95,36
16,85,36
14,88,36
43,59,36
1,101,36
35,67,36
2,101B,36
2,101,36
37,67,36
48,57,36
16,90B,36
18,88,36
46,61,36
47,60,36
30,79,36
49,60,36
5,105,36
26,84,36
46,64,36
28,82,36
7,105,36
23,91B,36
24,90,36
24,90B,36
47,68,36
29,86,36
31B,84B,36
27,89B,36
48,68,36
24B,92,36
45,71,36
45B,72,36
42,77,36
44,75,36
18,101B,36
30,91,36
35,86B,36
37,86,36
50,75,36
62,65,36
32B,95,36
32,95,36
39,89,36
39,91,36
61,69,36
52,81,36
52,81B,36
63,71,36
50,84,36
42,93,36
48B,87,36
66,71B,36
53,89,36
53,91B,36
63,84B,36
71B,76,36
55,93,36
57,94,36
69,86B,36
62,100,36
81B,82,36
77,87,36
70,105,36
6,20,19
8,22,19
5,26,19
13,19,19
13,19,19
7,26,19
13,22,19
13,22,19
19,19,19
12B,31B,19
12,31,19
12,31B,19
21,23,19
20,27,19
17,31,19
9,39,19
1,48B,19
21,28,19
2,48B,19
4,47,19
6,45B,19
4,49,19
5,50,19
10,45,19
15,44,19
17,44,19
28,34,19
9,53,19
14,48,19
15,50,19
18,48B,19
8,62,19
24B,47,19
27,45,19
24B,48,19
10,63,19
30,45B,19
12B,63,19
1,77,19
32B,47,19
32,49,19
32B,49,19
7,78,19
26,70,19
30,66,19
2,94,19
24,77,19
39,66,19
14,94,19
16,93,19
32,78,19
18,94,19
39,76,19
34,81B,19
24,93,19
53,76,19
62,81,19
70,78,19
3,7,18
2,14,18
1,24B,18
4,24,18
14,18,18
18,18,18
16,32B,18
16,32,18
3,70,18
6,25,63
9,26,63
10,25,63
12B,25,63
6,36,63
6,37B,63
4,42,63
7,42,63
6,43,63
20,31B,63
20,31,63
23,29,63
25,27,63
8,46,63
1,57,63
23,35,63
4,55,63
29,30,63
2,57,63
9,50,63
23,37,63
5,55,63
1,60,63
7,55,63
2,60,63
28,35,63
27,36,63
20,44,63
28,37,63
6,59,63
24B,42,63
30,36,63
5,61,63
19,48B,63
30,37B,63
29,39,63
21,47,63
5,64B,63
1,68,63
21,48,63
10,59,63
5,64,63
20,50,63
21,49,63
22,48B,63
2,68,63
26,45B,63
14,57,63
7,64,63
7,64B,63
30,43,63
12,61,63
28,46,63
32B,42,63
32,42,63
18,57,63
36,39,63
15,61,63
37,39,63
31,45B,63
37B,39,63
31B,45,63
31,45,63
16,60,63
10,67,63
3,75,63
17,61,63
15,64,63
15,64B,63
12,67,63
12B,67,63
24B,57,63
34,47,63
17,64,63
39,43,63
14,68,63
29,53,63
34,48,63
34,49,63
24,60,63
17,67,63
18,68,63
27,59,63
32,55,63
9,78,63
3,84,63
32B,55,63
35,53,63
30,59,63
44,45,63
44,45B,63
37,53,63
13,77,63
13,77,63
37B,53,63
4,87,63
26,66,63
23,69,63
24,68,63
31,63,63
31B,63,63
45B,50,63
32,64B,63
10,86,63
19,77,63
28,69,63
12,86,63
12B,86,63
12B,86B,63
12,86B,63
21,78,63
22,77,63
16,84,63
14,87,63
15,86B,63
8,93,63
26,76,63
17,86B,63
13,93,63
13,93,63
45,63,63
48B,62,63
48,62,63
44,66,63
24B,87,63
19,93,63
27,86,63
22,93,63
22,94,63
35,81B,63
50,66,63
32B,87,63
32,87,63
49,76,63
55,70,63
63,63,63
50,76,63
46,81B,63
46,81,63
34,94,63
64,70,63
64B,70,63
62,77,63
66,78,63
69,81B,63
69,81,63
76,78,63
62,94,63
9,13,34
9,13,34
8,20,34
9,19,34
3,25,34
1,29,34
9,22,34
2,29,34
6,26,34
13,20,34
13,20,34
2,35,34
1,37,34
1,37B,34
3,36,34
2,37,34
3,43,34
14,35,34
4,46,34
14,37,34
16,36,34
18,35,34
24,29,34
16,37B,34
8,45,34
8,45B,34
23,31,34
23,31B,34
6,49,34
18,37,34
21,34,34
26,30,34
10,47,34
10,48,34
13,45B,34
13,45B,34
12B,47,34
28,31,34
28,31B,34
16,43,34
24B,35,34
10,49,34
24,36,34
12,48B,34
12B,48,34
12,48,34
24,37B,34
3,59,34
15,48B,34
19,45B,34
17,48B,34
26,39,34
24,43,34
23,44,34
34,34,34
24B,46,34
4,69,34
27,47,34
16,59,34
27,49,34
32B,46,34
32,46,34
13,66,34
13,66,34
30,50,34
5,77,34
21,62,34
39,44,34
14,69,34
6,78,34
31,53,34
19,66,34
18,69,34
22,66,34
39,50,34
28,63,34
15,77,34
24B,69,34
17,77,34
19,76,34
44,53,34
22,76,34
5,93,34
7,93,34
20,81,34
50,53,34
27,78,34
12B,94,34
12,94,34
30,78,34
15,93,34
17,94,34
31B,81B,34
45,81,34
45,81B,34
62,76,34
63,81B,34
63,81,34
70,77,34
70,93,34
1,1,1
1,2,1
3,4,1
2,24,1
3,24B,1
14,16,1
16,18,1
14,24,1
16,24B,1
18,24,1
1,3,24
2,3,24
1,16,24
3,14,24
2,16,24
3,18,24
1,24,24
16,24,24
24,24,24
11,96,99
33B,83,99
41,96,99
33B,106,99
33,107,99
58,83,99
33,108,99
33,109,99
58B,85B,99
58B,85,99
33B,110B,99
41,102B,99
33B,110,99
33,110B,99
33,111,99
38,108,99
38,109,99
38,110B,99
58B,90B,99
51,97,99
52,96,99
38,111,99
51,103,99
58,98,99
74,83,99
58B,99,99
73,85B,99
73,85,99
58B,104,99
54,108,99
73,90,99
73,90B,99
58,106,99
54,110B,99
54,110,99
54,111,99
74,98,99
85B,88B,99
85,88B,99
73,101B,99
73,101,99
88B,90,99
88B,90B,99
82,96,99
74,106,99
79,102,99
74,110,99
82,102B,99
85B,99,99
88,97,99
79,107,99
88B,99,99
91B,96,99
90,97,99
79,108,99
79,109,99
83,105,99
92,97,99
85B,104,99
85,104,99
85,104B,99
92,98,99
89B,102,99
88,103,99
89,102B,99
89,102,99
88,104B,99
90,103,99
91,102B,99
91,102,99
91B,102B,99
91B,102,99
90B,103,99
95,98,99
90,104B,99
90B,104B,99
89B,107,99
89,107,99
89B,108,99
97,101B,99
89B,109,99
99,99,99
91,107,99
97,101,99
89B,111,99
91,109,99
95,106,99
98,105,99
101B,103,99
101,103,99
101,104B,99
101B,104B,99
105,106,99
105,110,99
51,96,98
58B,102,98
58B,107,98
58B,108,98
58B,109,98
58B,110B,98
58B,111,98
83,97,98
85,96,98
73,108,98
73,109,98
73,110,98
73,110B,98
88,96,98
73,111,98
83,103,98
90,96,98
90B,96,98
85,102B,98
85,102,98
85B,102B,98
85B,102,98
83,104B,98
85B,107,98
90B,102B,98
85,107,98
90B,102,98
90,102B,98
85B,109,98
88B,107,98
97,98,98
98,98,98
88B,108,98
88B,109,98
96,101B,98
96,101,98
88B,110B,98
88B,111,98
99,102,98
99,102B,98
97,106,98
101,102B,98
98,106,98
102,104,98
99,107,98
99,108,98
97,110B,98
99,109,98
103,106,98
104,107,98
104B,108,98
104,108,98
103,110B,98
104,109,98
103,110,98
103,111,98
104B,110,98
104B,110B,98
104B,111,98
104,111,98
33,58B,51
38,58B,51
51,51,51
11,98,51
11,106,51
33B,85B,51
33B,85,51
33,88B,51
38,104,51
51,92,51
58,90,51
40B,108,51
40,108,51
40,109,51
52,98,51
40B,111,51
73,79,51
54,99,51
54,104,51
74,85,51
58,101,51
73,89B,51
80,83,51
80B,83,51
74,90B,51
71,96,51
71B,102,51
72,102B,51
65,110B,51
65B,110,51
88B,89B,51
88,92,51
88,95,51
79,104B,51
80B,106,51
89,97,51
91B,97,51
80,110,51
89,103,51
92,101B,51
91,103,51
91,104B,51
90B,105,51
90,105,51
95,101B,51
95,101,51
100,110B,51
100,111,51
5,33B,43
11,28,43
7,33B,43
12,33,43
12B,33,43
12,38,43
1,51,43
2,51,43
17,38,43
25,35,43
22,40B,43
25,37,43
4,58,43
29,36,43
18,51,43
15,54,43
17,54,43
8,65B,43
36,37B,43
23,52,43
13,65,43
13,65,43
13,65B,43
13,65B,43
36,43,43
28,52,43
37B,43,43
39,41,43
9,72,43
7,74,43
24B,58,43
19,65,43
43,43,43
26,60,43
8,80,43
29,59,43
1,88,43
10,79,43
42,48B,43
20,71,43
21,71B,43
11,81B,43
3,90,43
3,90B,43
41,53,43
2,92,43
6,89,43
37,59,43
6,91,43
10,89B,43
12B,89B,43
45,56,43
40B,62,43
40,62,43
1,101B,43
48B,55,43
33B,70,43
20,84B,43
47,57,43
23,82,43
14,92,43
32B,74,43
32,74,43
31B,75,43
49,57,43
16,90,43
27,79,43
31,75,43
14,95,43
4,105,43
18,92,43
24,88,43
46,67,43
31,84,43
45B,71,43
49,68,43
16,101,43
27,91,43
56,63,43
19,100,43
30,89,43
24B,95,43
35,86,43
30,91B,43
22,100,43
24,101,43
24,101B,43
44,84,43
45,84B,43
39,91B,43
46,86B,43
55,77,43
53,82,43
48,87,43
42,94,43
67,69,43
32B,105,43
32,105,43
66,72,43
60,78,43
64B,77,43
70,74,43
68,78,43
72,76,43
69,86,43
64B,93,43
64,93,43
80,81,43
80B,81B,43
80B,81,43
87,94,43
7,85,85B
85B,85B,85B
51,58B,85
11,102,85
11,102B,85
33,83,85
11,107,85
38,83,85
51,73,85
33B,97,85
33B,98,85
33,98,85
58,73,85
38,98,85
54,83,85
33,106,85
51,88B,85
41,102,85
33,110,85
38,106,85
58B,88,85
41,107,85
38,110,85
58B,90,85
41,108,85
41,109,85
58B,92,85
54,98,85
41,111,85
52,102B,85
52,102,85
51,104,85
51,104B,85
58,97,85
52,107,85
58B,101B,85
58B,101,85
54,106,85
73,88,85
65,96,85
65B,96,85
58,103,85
52,109,85
58,104B,85
79,83,85
73,92,85
65B,102B,85
73,95,85
85,85B,85
85B,85,85
85,85,85
74,97,85
83,89B,85
85B,90,85
85B,90B,85
85,90B,85
85,90,85
88,88B,85
88B,88,85
80,96,85
80B,96,85
74,103,85
88B,92,85
80B,102B,85
80,102B,85
80B,102,85
88B,95,85
82,102,85
85,99,85
85B,101,85
88,99,85
79,110B,85
79,110,85
90B,99,85
90,99,85
82,107,85
88B,101B,85
88B,101,85
82,108,85
79,111,85
82,109,85
95,97,85
88,104,85
90,104,85
90B,104,85
89B,106,85
92,103,85
92,104B,85
96,100,85
89,108,85
95,103,85
91B,107,85
89,109,85
89B,110,85
89B,110B,85
91,108,85
89,110B,85
91B,108,85
95,104B,85
91B,109,85
89,111,85
99,101,85
99,101B,85
91,110B,85
91,110,85
91B,110B,85
97,105,85
91,111,85
91B,111,85
101,104,85
101B,104,85
103,105,85
104B,105,85
6,29,45
12,25,45
10,36,45
21,26,45
9,44,45
10,43,45
14,42,45
18,42,45
13,48B,45
13,48B,45
3,60,45
27,37B,45
30,37,45
7,61,45
4,64B,45
23,46,45
27,43,45
12B,59,45
35,39,45
31B,45B,45
24B,55,45
24,57,45
15,67,45
20,63,45
16,68,45
8,77,45
2,87,45
45,45,45
5,86B,45
32B,64,45
32B,64B,45
32,64,45
31,66,45
17,86,45
18,87,45
47,62,45
34,78,45
19,94,45
44,76,45
53,69,45
61,70,45
70,86B,45
81,93,45
11,35,60
11,46,60
26,33B,60
9,51,60
26,38,60
31,33B,60
25,40,60
25,40B,60
13,58B,60
13,58B,60
20,51,60
36,40B,60
36,40,60
19,58B,60
37B,40B,60
33B,44,60
22,58B,60
11,69,60
33,47,60
26,54,60
8,73,60
33,48,60
33,49,60
33B,50,60
40,43,60
40B,43,60
38,47,60
13,73,60
13,73,60
38,49,60
6,83,60
31,58,60
31B,58,60
19,73,60
10,83,60
29,65,60
29,65B,60
45B,51,60
8,88B,60
45,51,60
1,96,60
9,88,60
2,96,60
46,52,60
42,56,60
40B,59,60
40,59,60
9,90,60
35,65B,60
13,88B,60
13,88B,60
36,65,60
37,65B,60
37,65,60
37B,65,60
37B,65B,60
49,54,60
45,58,60
50,54,60
6,98,60
31,74,60
31B,74,60
4,102,60
4,102B,60
21,85B,60
21,85,60
5,102,60
19,88B,60
20,88,60
29,80,60
7,102,60
9,101B,60
27,83,60
22,88B,60
9,101,60
14,96,60
33,78,60
55,56,60
21,90B,60
21,90,60
8,103,60
20,92,60
5,107,60
6,106,60
8,104B,60
42,71,60
5,108,60
30,83,60
18,96,60
5,109,60
7,107,60
35,80,60
35,80B,60
20,95,60
14,102B,60
6,110,60
7,109,60
38,78,60
37,80,60
13,104B,60
37,80B,60
13,104B,60
51,66,60
41,77,60
44,74,60
34,85B,60
34,85,60
24B,96,60
23,97,60
10,110B,60
58B,62,60
60,60,60
18,102B,60
10,110,60
12,108,60
22,99,60
58,63,60
52,69,60
12,110B,60
12B,110B,60
15,107,60
12B,110,60
12,111,60
12B,111,60
15,108,60
19,104,60
50,74,60
15,109,60
34,90B,60
28,97,60
17,108,60
15,111,60
17,109,60
31B,95,60
24B,102B,60
42,84B,60
40,86,60
47,79,60
55,71,60
22,104,60
46,80B,60
17,110B,60
48B,79,60
48,79,60
46,82,60
30,98,60
17,111,60
29,100,60
28,103,60
61,71B,60
57,75,60
54,78,60
45B,88,60
61,72,60
34,99,60
27,106,60
32,102B,60
32,102,60
32B,102,60
32B,102B,60
41,93,60
64,71,60
64B,71,60
30,106,60
47,89B,60
36,100,60
31,105,60
64B,72,60
64,72,60
31B,105,60
37B,100,60
27,110,60
45,92,60
39,98,60
48,89B,60
48B,89,60
45B,92,60
67,71B,60
49,89B,60
55,84B,60
32,107,60
48B,91B,60
48B,91,60
48,91,60
32B,107,60
45,95,60
57,84,60
56,87,60
68,75,60
43,100,60
60,84,60
39,106,60
45B,101B,60
45B,101,60
62,85B,60
64B,84B,60
69,80,60
69,80B,60
44,105,60
53,98,60
68,84,60
73,81,60
66,88,60
63,92,60
66,90,60
71B,86B,60
71B,86,60
63,95,60
72,86B,60
59,100,60
62,99,60
75,87,60
76,88,60
76,90B,60
77,89,60
76,90,60
62,104,60
66,101B,60
66,101,60
77,91B,60
77,91,60
63,105,60
84B,87,60
70,102,60
79,94,60
82,93,60
70,107,60
76,101,60
76,101B,60
81B,97,60
70,108,60
81,97,60
70,109,60
89,93,60
89,94,60
89B,94,60
91B,93,60
81B,103,60
81,103,60
81B,104B,60
81,104B,60
91,94,60
3,3,3
32,37,37B
37B,37B,37B
8,36,50
19,29,50
13,37B,50
13,37B,50
8,43,50
10,42,50
13,43,50
13,43,50
2,56,50
22,37,50
5,60,50
26,44,50
6,64B,50
17,57,50
18,56,50
3,72,50
34,46,50
31B,49,50
27,55,50
15,68,50
1,84B,50
9,77,50
4,84,50
23,67,50
45,48,50
45B,48B,50
30,64,50
24,71,50
35,62,50
12B,87,50
24B,75,50
39,61,50
50,50,50
9,93,50
25,81B,50
31,78,50
47,63,50
28,86,50
20,94,50
32B,84,50
60,70,50
53,86B,50
59,81,50
66,77,50
76,93,50
2,8,10
1,13,10
1,13,10
2,13,10
2,13,10
6,12,10
1,19,10
10,10,10
10,12B,10
8,14,10
6,17,10
8,18,10
7,23,10
13,18,10
13,18,10
4,28,10
16,22,10
12,27,10
12B,27,10
19,24,10
5,39,10
15,30,10
22,24,10
17,30,10
15,39,10
23,32,10
23,32B,10
5,53,10
28,32,10
7,53,10
28,32B,10
3,62,10
16,62,10
4,81B,10
23,70,10
14,81,10
18,81,10
24B,81B,10
24B,81,10
39,70,10
32B,81B,10
53,70,10
11,11,11
11,52,11
11,80B,11
42,58B,11
33,71B,11
33B,71,11
33B,72,11
41,65,11
41,65B,11
38,71B,11
29,83,11
55,58B,11
56,58,11
40B,79,11
40,79,11
37B,83,11
37,83,11
41,80,11
58B,64B,11
54,71B,11
51,75,11
54,72,11
40B,89,11
40,89B,11
40,91,11
40B,91,11
52,80,11
52,80B,11
61,73,11
36,98,11
29,106,11
51,84,11
37B,98,11
64,73,11
64B,73,11
29,110,11
43,98,11
42,99,11
36,106,11
57,85B,11
57,85,11
58,84B,11
37B,106,11
47,96,11
55,88B,11
48,96,11
71,74,11
49,96,11
35,110B,11
35,110,11
42,104,11
57,90B,11
65B,82,11
37,110,11
43,106,11
60,90B,11
60,90,11
48,102B,11
48B,102,11
48B,102B,11
56,95,11
64B,88B,11
64,88B,11
68,85,11
46,108,11
65,89,11
46,110B,11
65,91B,11
65B,91B,11
46,111,11
59,98,11
68,90,11
74,84B,11
68,90B,11
55,104,11
56,105,11
60,101,11
60,101B,11
80B,82,11
80,82,11
61,103,11
67,97,11
61,104B,11
75,92,11
64,104B,11
67,103,11
75,95,11
85B,87,11
84,88,11
71,105,11
84,92,11
69,110B,11
77,102,11
69,111,11
86B,97,11
86,97,11
77,107,11
87,99,11
89,100,11
84B,105,11
86B,103,11
86B,104B,11
87,104,11
91B,100,11
91,100,11
93,102,11
94,102B,11
93,107,11
93,109,11
101,102,102B
102B,102B,102B
45B,45B,45B
45,70,45B
11,83,88
33,73,88
38,73,88
54,58B,88
11,110,88
38,88B,88
33B,99,88
52,83,88
33,104B,88
33B,104,88
41,98,88
51,88,88
40,102,88
54,88B,88
58,85,88
40B,107,88
40,107,88
58,90B,88
40B,109,88
51,101,88
51,101B,88
52,106,88
74,85B,88
72,96,88
74,99,88
71B,102B,88
65,108,88
65B,110B,88
65B,111,88
79,97,88
65,111,88
88,88,88
82,98,88
79,103,88
90,92,88
90B,95,88
90,95,88
82,106,88
91,97,88
88,101B,88
85,105,88
85B,105,88
80B,110,88
80,110B,88
89B,103,88
89B,104B,88
92,101,88
100,108,88
100,109,88
5,7,70
2,10,70
4,17,70
12B,14,70
10,18,70
1,27,70
6,24,70
12,24B,70
3,39,70
16,30,70
15,32B,70
15,32,70
5,70,70
70,70,70
58,58B,90
58B,58,90
11,108,90
11,109,90
40B,96,90
51,85B,90
33B,103,90
40,96,90
33B,104B,90
58,88B,90
73,74,90
51,99,90
54,97,90
41,110B,90
58B,95,90
52,108,90
52,111,90
65,102B,90
65B,102,90
83,89,90
85,88,90
85B,88,90
83,91,90
79,98,90
73,105,90
74,104B,90
90,90B,90
90,90,90
90B,90,90
80,102,90
79,106,90
85,101B,90
85,101,90
85B,101B,90
80,107,90
80B,107,90
89B,98,90
80B,109,90
90B,101,90
90B,101B,90
92,99,90
82,110B,90
82,111,90
88B,105,90
92,104,90
91,106,90
95,104,90
89,110,90
91B,110,90
100,102B,90
8,35,31
8,37,31
20,26,31
5,42,31
13,35,31
13,35,31
25,30,31
9,47,31
15,42,31
9,48,31
28,29,31
9,49,31
13,46,31
23,36,31
13,46,31
3,56,31
17,42,31
23,37B,31
4,57,31
31,31B,31
31,31,31
31B,31,31
4,60,31
25,39,31
28,36,31
7,57,31
19,46,31
28,37B,31
23,43,31
12,55,31
22,46,31
20,49,31
21,48B,31
15,55,31
26,45,31
10,61,31
28,43,31
4,68,31
17,55,31
16,56,31
6,67,31
12B,61,31
10,64,31
14,60,31
31B,44,31
31,44,31
1,75,31
12B,64B,31
12B,64,31
12,64B,31
12,64,31
8,69,31
18,60,31
25,53,31
17,64B,31
31B,50,31
23,59,31
13,69,31
34,48B,31
13,69,31
24B,60,31
1,84,31
2,84,31
3,84B,31
19,69,31
27,61,31
36,53,31
32B,57,31
26,63,31
32,57,31
16,75,31
6,86B,31
24B,68,31
5,87,31
45B,47,31
45B,49,31
7,87,31
27,67,31
45,50,31
10,86B,31
43,53,31
30,67,31
21,77,31
20,78,31
39,59,31
24,75,31
32,68,31
32B,68,31
15,87,31
44,63,31
24,84,31
29,81B,31
29,81,31
34,77,31
53,59,31
42,70,31
27,86B,31
47,66,31
50,63,31
48,66,31
21,94,31
49,66,31
30,86,31
35,81,31
37B,81B,31
37,81B,31
37,81,31
47,76,31
45,78,31
45B,78,31
48,76,31
39,86,31
34,93,31
62,93,31
70,87,31
76,94,31
22,48,48B
48B,48B,48B
108,108,108
4,25,66
9,20,66
13,26,66
13,26,66
5,36,66
5,37B,66
7,36,66
15,29,66
19,26,66
3,42,66
17,29,66
12,35,66
12B,35,66
5,43,66
12,37,66
15,37B,66
17,37,66
9,45B,66
10,46,66
25,32B,66
25,32,66
8,49,66
3,55,66
15,43,66
1,61,66
2,61,66
31B,34,66
1,64,66
7,59,66
21,45,66
22,44,66
19,50,66
23,48B,66
16,55,66
22,50,66
27,46,66
28,48,66
18,61,66
10,69,66
16,64B,66
12B,69,66
14,67,66
21,63,66
8,78,66
24,64,66
24,64B,66
2,86B,66
4,86,66
13,78,66
24B,67,66
32B,59,66
13,78,66
32,59,66
31,62,66
20,76,66
34,63,66
14,86B,66
48B,53,66
18,86B,66
36,70,66
44,62,66
24B,86,66
45B,66,66
43,70,66
39,77,66
23,94,66
32B,86,66
45B,76,66
28,94,66
30,93,66
47,81B,66
47,81,66
48,81B,66
59,70,66
53,77,66
49,81,66
66,66,66
39,93,66
57,71,71B
71B,71B,71B
9,12B,81
9,12,81
5,20,81
1,26,81
6,21,81
2,26,81
10,21,81
4,31,81
4,31B,81
15,20,81
13,23,81
13,23,81
8,28,81
17,20,81
7,31B,81
6,34,81
14,26,81
13,28,81
13,28,81
19,23,81
18,26,81
22,23,81
19,28,81
4,44,81
21,27,81
3,47,81
1,49,81
5,45,81
3,48,81
2,50,81
7,45,81
24B,31,81
12,45B,81
14,44,81
15,45B,81
15,45,81
27,34,81
22,39,81
17,45B,81
31,32,81
31B,32B,81
31,32B,81
31B,32,81
16,47,81
16,48,81
14,50,81
30,34,81
16,49,81
5,63,81
24B,44,81
18,50,81
7,63,81
24,47,81
19,53,81
24,49,81
24B,50,81
22,53,81
12,66,81
12B,66,81
1,78,81
2,78,81
17,66,81
10,76,81
12B,76,81
12,76,81
8,81B,81
8,81,81
30,62,81
13,81B,81
13,81B,81
32,63,81
3,94,81
39,62,81
24,78,81
53,62,81
63,70,81
81B,81,81
81,81B,81
81,81,81
11,21,67
8,33,67
11,34,67
23,33B,67
1,58B,67
20,40B,67
2,58B,67
28,33,67
23,38,67
10,51,67
30,33B,67
12,51,67
22,41,67
12B,51,67
6,58,67
28,38,67
17,51,67
10,58,67
29,42,67
31,40,67
31B,40,67
31B,40B,67
33B,39,67
14,58B,67
21,52,67
9,65B,67
1,73,67
2,73,67
34,41,67
18,58B,67
23,54,67
36,42,67
37B,42,67
37,42,67
6,74,67
24B,58B,67
28,54,67
29,55,67
20,65,67
20,65B,67
40B,45,67
40,45,67
27,58,67
42,43,67
25,61,67
34,52,67
33B,53,67
8,79,67
11,76,67
30,58,67
25,64,67
4,85,67
25,64B,67
9,80,67
4,85B,67
16,73,67
9,80B,67
1,88B,67
5,85,67
2,88B,67
36,55,67
13,79,67
13,79,67
37B,55,67
35,57,67
7,85B,67
37,57,67
5,90B,67
5,90,67
24,73,67
7,90,67
26,71B,67
8,89B,67
7,90B,67
19,79,67
43,55,67
26,72,67
8,91,67
12,88,67
36,64,67
36,64B,67
12B,88,67
3,97,67
6,95,67
37B,64B,67
21,80B,67
31,71B,67
14,88B,67
13,89,67
13,89,67
13,89B,67
13,89B,67
10,92,67
21,82,67
35,68,67
40,63,67
4,99,67
41,62,67
46,57,67
40B,63,67
15,88,67
47,56,67
30,74,67
13,91,67
12,92,67
12B,92,67
48B,56,67
48,56,67
13,91,67
15,90,67
10,95,67
15,90B,67
17,88,67
1,104B,67
3,103,67
5,101,67
46,60,67
2,104,67
18,88B,67
43,64B,67
53,54,67
3,104B,67
17,90,67
12B,95,67
4,104,67
19,89,67
24B,85B,67
19,91B,67
45,65,67
45B,65B,67
19,91,67
45B,65,67
22,89,67
25,86B,67
6,105,67
24,88B,67
12,101B,67
12,101,67
22,91,67
39,74,67
22,91B,67
14,99,67
16,97,67
46,68,67
55,59,67
33,81,67
33,81B,67
44,71B,67
29,87,67
15,101,67
15,101B,67
34,82,67
32B,85,67
32,85,67
32B,85B,67
32,85B,67
47,71,67
17,101B,67
14,104,67
17,101,67
38,81B,67
38,81,67
27,92,67
48,71,67
16,103,67
59,61,67
20,100,67
16,104B,67
49,71,67
50,71B,67
49,72,67
35,87,67
18,104,67
32,90B,67
50,72,67
27,95,67
48B,75,67
59,64B,67
24B,99,67
59,64,67
37,87,67
37B,87,67
45B,80,67
57,69,67
53,74,67
24,103,67
24B,104,67
61,67,67
24,104B,67
60,69,67
32B,99,67
65B,66,67
65,66,67
32,99,67
47,84B,67
27,105,67
48,84B,67
48B,84,67
49,84B,67
67,67,67
30,105,67
54,81B,67
68,69,67
65B,76,67
39,105,67
62,82,67
45B,100,67
45,100,67
66,80,67
66,80B,67
61,86,67
71,78,67
56,94,67
72,78,67
64,86,67
62,89,67
75,77,67
67,86B,67
67,86,67
62,91B,67
70,85,67
76,80,67
76,80B,67
70,90,67
70,90B,67
79,81,67
77,84,67
63,100,67
75,93,67
75,94,67
81,89B,67
81B,89B,67
86B,86,67
86,86B,67
84,93,67
84B,94,67
11,58B,74
33,51,74
38,51,74
33B,58,74
38,58,74
11,88B,74
33B,74,74
52,58B,74
11,99,74
54,58,74
11,104,74
33,88,74
33,92,74
41,85B,74
41,85,74
33,95,74
38,92,74
51,79,74
41,90B,74
38,95,74
33,101B,74
52,85B,74
40B,97,74
40,97,74
65B,73,74
33B,105,74
58B,80,74
58B,80B,74
65,73,74
41,99,74
51,89B,74
40B,103,74
54,92,74
74,74,74
54,95,74
52,99,74
73,80,74
65B,88B,74
73,80B,74
57,96,74
71B,83,74
72,83,74
60,96,74
52,104,74
54,105,74
65,97,74
60,102B,74
68,96,74
56,108,74
56,109,74
56,110B,74
79,88,74
82,85B,74
56,111,74
82,85,74
80B,88B,74
65B,103,74
80,88B,74
65,103,74
71B,98,74
79,90,74
65,104B,74
65B,104B,74
68,102B,74
85,89,74
85,91B,74
85B,91B,74
75,102,74
71B,106,74
88,89B,74
72,106,74
89,90,74
89,90B,74
88,91,74
74,105,74
79,101,74
79,101B,74
71,110,74
82,99,74
90B,91B,74
89B,92,74
71,110B,74
90,91B,74
90B,91,74
75,107,74
72,110,74
71,111,74
75,108,74
80B,104,74
80,104B,74
75,109,74
84,102,74
82,104,74
89B,101,74
89B,101B,74
89,101B,74
89,101,74
84,107,74
91,101,74
91,101B,74
84B,108,74
84,109,74
84B,110B,74
84B,111,74
97,100,74
100,103,74
100,104B,74
1,11,77
2,11,77
11,18,77
3,41,77
5,40B,77
5,40,77
7,40B,77
1,52,77
15,40,77
16,41,77
26,35,77
26,37,77
31,36,77
31B,36,77
31,37B,77
8,60,77
4,65B,77
4,65,77
9,61,77
25,45,77
9,64,77
13,60,77
29,44,77
13,60,77
31,43,77
31B,43,77
21,55,77
24,52,77
19,57,77
34,42,77
6,71,77
22,57,77
29,50,77
13,68,77
37B,44,77
13,68,77
10,72,77
2,80B,77
12B,71B,77
12,71B,77
21,64B,77
20,67,77
43,44,77
19,68,77
37,50,77
25,63,77
34,55,77
24B,65B,77
31B,59,77
46,47,77
3,91B,77
14,80B,77
14,80,77
9,86B,77
39,56,77
46,49,77
32B,65,77
32B,65B,77
32,65,77
18,80B,77
18,80,77
16,82,77
23,75,77
27,72,77
30,71,77
28,75,77
24B,80,77
20,86,77
24,82,77
7,100,77
53,56,77
40,70,77
40B,70,77
45B,67,77
28,84,77
35,78,77
30,84B,77
49,69,77
59,63,77
39,84B,77
48B,77,77
61,66,77
45B,86B,77
45,86,77
32,100,77
32B,100,77
61,76,77
64,76,77
48B,93,77
69,78,77
62,87,77
66,86B,77
77,77,77
81B,84,77
70,100,77
93,94,77
101B,101B,101B
4,10,15
7,12,15
6,14,15
5,17,15
6,18,15
15,15,15
3,28,15
2,30,15
16,23,15
1,39,15
10,32B,15
12B,32,15
12B,32B,15
18,30,15
24B,27,15
24,53,15
12,70,15
17,70,15
9,29,47
1,40B,47
1,40,47
2,40,47
9,37B,47
21,25,47
9,43,47
20,35,47
16,40B,47
20,37,47
21,36,47
25,34,47
8,55,47
24,40B,47
24,40,47
6,60,47
12,56,47
3,65,47
3,65B,47
28,42,47
15,56,47
8,64,47
8,64B,47
17,56,47
29,45B,47
13,61,47
26,48B,47
13,61,47
4,71B,47
5,71,47
4,72,47
13,64B,47
31B,46,47
13,64B,47
13,64,47
13,64,47
7,71,47
7,72,47
19,61,47
35,45,47
35,45B,47
21,59,47
23,57,47
16,65,47
37,45B,47
19,64,47
22,61,47
14,71B,47
10,75,47
15,71,47
12B,75,47
12,75,47
5,84B,47
22,67,47
20,69,47
30,60,47
45,46,47
34,59,47
47,47,47
10,84,47
47,48,47
24B,71B,47
29,66,47
12B,84,47
47,49,47
39,57,47
48,49,47
30,68,47
48B,50,47
15,84B,47
39,60,47
17,84B,47
37B,66,47
37,66,47
3,100,47
26,77,47
32,72,47
32B,72,47
29,76,47
19,86B,47
39,68,47
22,86B,47
46,63,47
53,57,47
23,87,47
27,84,47
36,76,47
37B,76,47
45,69,47
28,87,47
16,100,47
43,76,47
26,94,47
34,86,47
53,68,47
44,77,47
42,81B,47
42,81,47
31,93,47
24,100,47
48,78,47
48B,78,47
50,77,47
62,67,47
63,69,47
55,81B,47
55,81,47
44,93,47
70,71,47
50,93,47
49,94,47
64B,81,47
62,86B,47
62,86,47
81B,87,47
78,94,47
33,85B,95
38,85,95
33B,101,95
33B,101B,95
54,90B,95
41,104B,95
52,97,95
58B,91,95
58,92,95
40B,110,95
51,105,95
74,88,95
65B,98,95
73,91B,95
65,106,95
74,101B,95
88B,89,95
71B,108,95
72,107,95
79,104,95
83,100,95
82,103,95
84B,102B,95
89B,99,95
95,95,95
3,40,49
3,40B,49
9,35,49
9,37,49
22,25,49
21,29,49
16,40,49
21,37B,49
5,56,49
6,57,49
7,56,49
21,43,49
23,42,49
20,46,49
8,61,49
10,60,49
34,36,49
34,37B,49
1,71B,49
26,47,49
2,71B,49
6,68,49
26,48,49
4,71,49
34,43,49
23,55,49
31,48B,49
13,67,49
13,67,49
28,55,49
19,67,49
14,72,49
30,57,49
25,62,49
27,60,49
18,71B,49
15,75,49
7,84B,49
45B,46,49
28,64B,49
17,75,49
44,48B,49
8,86B,49
42,53,49
27,68,49
24B,72,49
12,84,49
48,50,49
49,49,49
13,86B,49
13,86B,49
35,66,49
17,84,49
32B,71,49
32,71,49
19,86,49
31,77,49
22,86,49
31B,77,49
35,76,49
37,76,49
45B,69,49
32,84B,49
59,62,49
31B,93,49
47,78,49
39,87,49
56,70,49
49,78,49
66,69,49
44,94,49
53,87,49
61,81,49
50,94,49
64,81B,49
64,81,49
64B,81B,49
70,84B,49
63,93,49
19,25,78
9,46,78
21,37,78
29,34,78
12B,60,78
2,72,78
8,67,78
26,49,78
9,69,78
10,68,78
31B,48B,78
5,75,78
39,42,78
22,59,78
27,57,78
23,64B,78
4,84B,78
32B,56,78
32,56,78
18,72,78
44,48,78
28,64,78
24B,71,78
24,71B,78
47,50,78
36,62,78
15,84,78
13,86,78
13,86,78
43,62,78
53,55,78
46,66,78
32B,84B,78
30,87,78
31,94,78
45,93,78
63,77,78
61,81B,78
69,76,78
70,75,78
78,78,78
81,86B,78
33,40,52
11,82,52
52,52,52
36,83,52
41,80B,52
25,98,52
43,83,52
55,73,52
40B,89B,52
58,71,52
42,88B,52
60,85,52
58B,87,52
72,74,52
35,111,52
37B,110,52
37,110B,52
56,92,52
43,110,52
68,85B,52
65B,89,52
46,109,52
65,91,52
57,99,52
61,97,52
75,88,52
59,106,52
64,103,52
64B,104B,52
80,91B,52
75,101B,52
69,108,52
77,102B,52
84B,95,52
79,100,52
84,101B,52
84,101,52
94,96,52
58B,58B,58B
58,75,58B
8,8,8
9,10,8
8,13,8
8,13,8
4,26,8
12,20,8
12B,20,8
9,27,8
5,31B,8
5,31,8
7,31,8
15,31B,8
1,47,8
1,48,8
2,47,8
22,28,8
24B,26,8
7,44,8
2,49,8
3,48B,8
21,30,8
4,50,8
10,45B,8
12,45,8
12B,45B,8
21,39,8
17,45,8
14,49,8
16,48B,8
18,49,8
24,48,8
34,39,8
32B,44,8
10,66,8
32,44,8
15,63,8
3,77,8
17,63,8
6,76,8
32B,50,8
32,50,8
23,62,8
34,53,8
28,62,8
14,78,8
27,66,8
13,81,8
13,81,8
18,78,8
19,81B,8
19,81,8
31,70,8
31B,70,8
24B,78,8
22,81B,8
27,76,8
16,94,8
24,94,8
90B,90B,90B
90,91,90B
33,96,73
58B,73,73
51,83,73
38,96,73
33B,102B,73
33,102,73
33,102B,73
33B,102,73
38,102B,73
38,102,73
33B,107,73
33B,108,73
33B,109,73
33B,111,73
38,107,73
73,73,73
58B,88B,73
51,98,73
54,96,73
58B,97,73
54,102B,73
54,102,73
51,106,73
51,108,73
58,102,73
73,88B,73
51,110,73
58B,103,73
54,107,73
51,110B,73
58B,104B,73
51,111,73
54,109,73
58,107,73
58,108,73
58,109,73
58,110,73
58,110B,73
83,85,73
58,111,73
73,97,73
83,88,73
73,99,73
83,90,73
83,90B,73
83,92,73
79,96,73
74,102B,73
74,102,73
73,103,73
73,104B,73
73,104,73
83,95,73
74,107,73
79,102B,73
74,108,73
85,97,73
85B,97,73
85B,98,73
74,109,73
85,98,73
74,110B,73
83,101,73
83,101B,73
89B,96,73
89,96,73
88B,97,73
74,111,73
88,98,73
91,96,73
90B,97,73
90,98,73
90B,98,73
85B,103,73
85B,104B,73
85B,106,73
89B,102B,73
85,106,73
88B,103,73
88B,104B,73
88B,104,73
88,106,73
90,106,73
97,99,73
90B,106,73
98,99,73
92,106,73
88,110,73
88,110B,73
88,111,73
98,101,73
98,101B,73
90,110,73
90B,110,73
92,108,73
92,109,73
97,104,73
99,103,73
95,107,73
92,110B,73
92,110,73
92,111,73
99,104B,73
95,108,73
95,109,73
95,110B,73
95,110,73
95,111,73
103,104,73
103,104B,73
102,105,73
101B,106,73
101,106,73
104B,104,73
104,104B,73
101B,110B,73
101,110,73
101,110B,73
101B,110,73
105,107,73
105,108,73
105,109,73
105,110B,73
105,111,73
11,13,59
11,13,59
11,19,59
6,33,59
6,38,59
12B,33B,59
12,33B,59
4,51,59
8,52,59
25,36,59
21,40B,59
30,33,59
5,58,59
10,54,59
13,52,59
13,52,59
27,38,59
25,43,59
15,58,59
27,54,59
32,51,59
32B,51,59
25,59,59
1,85,59
12,74,59
8,82,59
1,90B,59
20,71B,59
17,74,59
2,90B,59
2,90,59
4,88,59
35,61,59
29,67,59
37,61,59
35,64,59
7,92,59
19,80B,59
34,65,59
44,56,59
5,95,59
16,85B,59
26,75,59
46,55,59
31B,71,59
3,99,59
7,95,59
22,80B,59
22,80,59
31,71,59
14,90,59
37B,67,59
48B,57,59
50,56,59
3,104,59
18,90,59
48,60,59
24,85B,59
24,85,59
46,64B,59
24B,88,59
23,89,59
23,91,59
14,101B,59
14,101,59
16,99,59
31,84B,59
29,86B,59
45B,71B,59
40,76,59
48B,68,59
45,72,59
28,89,59
39,79,59
59,59,59
18,101,59
28,91B,59
30,89B,59
15,105,59
21,100,59
36,86,59
41,81,59
17,105,59
41,81B,59
37B,86,59
37,86B,59
32B,92,59
32,92,59
24B,101,59
24B,101B,59
62,65B,59
39,89B,59
58,70,59
44,84B,59
43,86,59
53,79,59
64,69,59
64B,69,59
49,84,59
57,77,59
34,100,59
63,72,59
62,80,59
53,91,59
75,78,59
60,94,59
68,94,59
78,84,59
81,82,59
70,95,59
81B,91B,59
87,93,59
11,56,40
33,42,40
33B,42,40
25,51,40
40,40B,40
38,42,40
40B,40,40
40,40,40
11,71,40
25,58,40
11,75,40
36,51,40
33,55,40
33B,55,40
37B,51,40
33,57,40
35,58B,40
38,55,40
33B,61,40
43,51,40
11,84B,40
38,57,40
11,84,40
42,54,40
33B,64B,40
41,56,40
33B,64,40
41,60,40
33,68,40
38,64B,40
46,58B,40
9,96,40
38,68,40
52,56,40
54,55,40
26,83,40
51,59,40
40B,71B,40
54,57,40
9,102,40
9,102B,40
40,71B,40
40B,72,40
40,72,40
25,88,40
31,83,40
31B,83,40
29,85,40
29,85B,40
25,90,40
41,75,40
42,74,40
9,107,40
25,92,40
29,88,40
21,96,40
54,64B,40
54,64,40
51,67,40
9,109,40
22,96,40
33B,86B,40
58,61,40
46,73,40
29,90,40
29,90B,40
35,85B,40
25,95,40
33B,87,40
35,85,40
56,65B,40
48B,73,40
36,85,40
20,102,40
58,64,40
37B,85B,40
58,64B,40
37,85,40
37,85B,40
37B,85,40
21,102,40
21,102B,40
52,71,40
36,88,40
26,98,40
58,67,40
37B,88,40
35,90,40
35,90B,40
41,84,40
38,87,40
36,90,40
36,90B,40
25,101B,40
25,101,40
37B,90B,40
20,107,40
37,90B,40
37,90,40
52,75,40
37B,90,40
58B,69,40
44,83,40
43,85B,40
43,85,40
20,108,40
29,99,40
36,92,40
55,74,40
20,109,40
20,110B,40
29,101B,40
34,96,40
29,101,40
46,85,40
46,85B,40
20,111,40
42,89B,40
43,88,40
49,83,40
26,106,40
50,83,40
43,90B,40
43,90,40
46,88B,40
35,99,40
58B,77,40
61,74,40
52,84,40
56,80,40
65,71,40
65,71B,40
57,79,40
37,99,40
52,84B,40
56,80B,40
65B,71B,40
48B,88B,40
26,110,40
34,102B,40
65B,71,40
51,86B,40
65B,72,40
31,106,40
51,86,40
36,101,40
36,101B,40
65,72,40
64,74,40
37B,101,40
37,101,40
56,82,40
64B,74,40
37B,101B,40
35,104,40
60,79,40
31B,108,40
31,108,40
31B,109,40
54,87,40
31,110,40
31B,110,40
31,110B,40
37,104,40
67,74,40
31B,110B,40
31B,111,40
44,98,40
31,111,40
58,86,40
47,97,40
58,86B,40
43,101,40
43,101B,40
48B,97,40
47,98,40
48,97,40
46,99,40
49,97,40
48,98,40
57,89,40
57,89B,40
45B,102B,40
59,88,40
45B,102,40
45,102,40
68,79,40
49,98,40
50,98,40
57,91,40
60,89B,40
59,90,40
60,89,40
65B,84B,40
59,90B,40
65,84B,40
44,106,40
73,77,40
47,103,40
46,104,40
60,91,40
48,103,40
60,91B,40
59,92,40
48B,103,40
58B,93,40
71,80,40
71,80B,40
45B,107,40
72,80B,40
48,104B,40
72,80,40
45,107,40
48B,104B,40
61,92,40
45B,108,40
45,108,40
47,106,40
59,95,40
69,85B,40
45B,109,40
44,110B,40
44,110,40
45,109,40
69,85,40
75,80B,40
44,111,40
49,106,40
67,88,40
45,110B,40
45,111,40
45B,111,40
50,106,40
61,95,40
75,82,40
68,89B,40
68,89,40
69,88B,40
62,96,40
68,91B,40
69,90B,40
67,92,40
68,91,40
64,95,40
55,105,40
50,110B,40
74,86B,40
59,101,40
59,101B,40
50,110,40
78,83,40
67,95,40
80,84B,40
75,89,40
80B,84B,40
77,88B,40
61,105,40
75,91B,40
73,93,40
82,84,40
79,87,40
82,84B,40
73,94,40
67,101B,40
66,102,40
66,102B,40
69,99,40
64B,105,40
64,105,40
63,107,40
63,108,40
71B,100,40
76,96,40
63,109,40
67,105,40
72,100,40
66,107,40
84,89,40
63,110B,40
63,110,40
69,104,40
63,111,40
86,88,40
77,97,40
66,108,40
84,91B,40
66,109,40
84,91,40
87,89B,40
78,98,40
76,102B,40
86B,92,40
76,102,40
86,92,40
77,103,40
88B,93,40
86B,95,40
77,104B,40
86,95,40
76,107,40
78,106,40
76,109,40
86,101,40
86,101B,40
78,110,40
93,97,40
94,97,40
86B,105,40
86,105,40
93,103,40
94,103,40
93,104,40
93,104B,40
94,104B,40
96,96,96
96,102B,96
1,25,76
2,25,76
9,21,76
4,29,76
7,29,76
14,25,76
8,31,76
4,36,76
5,35,76
4,37B,76
5,37,76
7,35,76
18,25,76
13,31B,76
13,31,76
7,37,76
13,31,76
13,31B,76
4,43,76
14,36,76
19,31,76
15,35,76
19,31B,76
8,44,76
22,31B,76
26,28,76
20,34,76
6,48B,76
13,44,76
13,44,76
8,50,76
12,46,76
24B,36,76
29,32B,76
24B,37B,76
15,46,76
29,32,76
2,59,76
17,46,76
3,61,76
21,45B,76
22,45,76
3,64,76
24B,43,76
1,67,76
32,37B,76
32B,37B,76
23,47,76
23,49,76
14,59,76
5,69,76
32B,43,76
32,43,76
27,48B,76
28,49,76
16,61,76
18,59,76
30,48B,76
30,48,76
34,45B,76
19,63,76
20,62,76
16,67,76
6,77,76
24B,59,76
15,69,76
9,76,76
22,63,76
39,47,76
17,69,76
39,48,76
21,66,76
10,77,76
1,86,76
2,86,76
3,86B,76
24,67,76
21,76,76
29,70,76
6,94,76
47,53,76
34,66,76
23,78,76
48,53,76
16,86B,76
49,53,76
10,93,76
18,86,76
27,77,76
35,70,76
12B,93,76
28,78,76
26,81,76
45,62,76
26,81B,76
37,70,76
24,86B,76
24,86,76
27,93,76
30,94,76
62,63,76
44,81,76
50,81,76
50,81B,76
39,94,76
76,76,76
78,81B,76
6,9,13
13,13,13
13,13,13
13,13,13
8,19,13
10,20,13
9,30,13
15,31,13
17,31B,13
5,44,13
2,48,13
12B,45,13
7,50,13
23,34,13
26,32,13
26,32B,13
14,47,13
18,47,13
18,48,13
27,45B,13
6,66,13
24,48B,13
24B,49,13
21,53,13
12,63,13
4,78,13
16,77,13
1,94,13
3,93,13
22,81,13
30,76,13
32B,78,13
44,70,13
50,70,13
62,81B,13
13,13,13
33,33,33
11,92,33
11,95,33
52,58,33
41,74,33
38,79,33
33B,89,33
33,89B,33
33B,91B,33
40,85,33
40B,85,33
40,85B,33
38,89B,33
58B,71B,33
40B,90B,33
51,80,33
51,80B,33
54,79,33
58,82,33
60,83,33
72,73,33
54,91,33
41,105,33
52,95,33
42,108,33
42,109,33
65B,88,33
56,97,33
65,90,33
72,88B,33
55,107,33
67,96,33
61,102B,33
55,109,33
74,91B,33
65B,101,33
65,101,33
64B,102,33
65,101B,33
64,102,33
65B,101B,33
57,110B,33
80,88,33
60,110,33
64B,107,33
80B,92,33
71,103,33
71,104B,33
71B,104,33
68,110,33
80,101B,33
84B,97,33
86,96,33
84,98,33
84B,103,33
82,105,33
86B,102B,33
90B,100,33
90,100,33
87,108,33
87,111,33
3,11,94
11,16,94
9,25,94
11,24,94
4,40,94
4,40B,94
20,25,94
7,40,94
3,52,94
20,36,94
29,31,94
29,31B,94
19,42,94
6,56,94
20,43,94
22,42,94
24B,40B,94
8,57,94
1,65B,94
31,35,94
2,65B,94
2,65,94
31B,37B,94
31,37,94
31B,37,94
16,52,94
13,57,94
13,57,94
25,45B,94
32,40B,94
32B,40,94
26,46,94
32B,40B,94
32,40,94
5,71B,94
9,67,94
8,68,94
22,55,94
14,65,94
20,59,94
14,65B,94
35,44,94
1,80,94
10,71,94
37,44,94
36,45,94
1,80B,94
2,80,94
21,61,94
37B,45,94
18,65B,94
12B,71,94
18,65,94
27,56,94
12,72,94
12B,72,94
35,50,94
3,82,94
21,64,94
30,56,94
15,71B,94
43,45,94
17,71B,94
28,60,94
17,72,94
24B,65,94
6,84B,94
25,66,94
29,63,94
10,84B,94
9,86,94
34,61,94
26,69,94
46,50,94
16,80B,94
48,48B,94
48B,48,94
27,71,94
34,64,94
34,64B,94
36,63,94
13,87,94
13,87,94
37B,63,94
4,100,94
42,62,94
45,59,94
45B,59,94
24,80,94
24,80B,94
30,75,94
43,63,94
19,87,94
23,84,94
21,86B,94
22,87,94
27,84B,94
44,69,94
14,100,94
39,75,94
55,62,94
18,100,94
50,69,94
39,84,94
24B,100,94
46,78,94
47,77,94
48,77,94
62,64B,94
53,75,94
45B,86,94
66,67,94
53,84,94
57,81,94
47,93,94
60,81,94
70,71B,94
60,81B,94
48,93,94
48B,94,94
49,93,94
67,76,94
68,81,94
68,81B,94
66,86,94
76,86,94
76,86B,94
77,94,94
94,94,94
61,98,107
107,107,107
2,40B,48
9,36,48
20,29,48
8,42,48
14,40B,48
14,40,48
13,42,48
13,42,48
20,37B,48
18,40,48
18,40B,48
24B,40,48
10,56,48
1,65,48
31B,35,48
13,55,48
13,55,48
12B,56,48
9,59,48
29,45,48
19,55,48
5,72,48
31,46,48
7,71B,48
16,65B,48
6,75,48
36,45B,48
37,45,48
37B,45B,48
23,60,48
19,64B,48
12,71,48
3,80,48
3,80B,48
28,57,48
22,64B,48
22,64,48
15,72,48
17,71,48
43,45B,48
21,67,48
24,65B,48
24,65,48
44,46,48
6,84,48
23,68,48
47,48B,48
8,87,48
16,80,48
12,84B,48
12B,84B,48
28,68,48
48,48,48
48B,49,48
35,63,48
31,69,48
37,63,48
31B,69,48
1,100,48
34,67,48
25,76,48
27,75,48
36,66,48
2,100,48
32,71B,48
32B,71B,48
21,86,48
43,66,48
53,60,48
30,84,48
26,93,48
34,86B,48
61,62,48
59,66,48
62,64,48
49,77,48
59,76,48
57,81B,48
47,94,48
48,94,48
70,72,48
77,78,48
81,87,48
78,93,48
1,4,14
2,4,14
3,5,14
3,15,14
5,16,14
4,18,14
7,16,14
2,24B,14
14,14,14
7,24,14
1,32,14
1,32B,14
2,32B,14
14,24B,14
18,24B,14
24,32,14
24,32B,14
16,70,14
24,70,14
84B,84B,84B
84,94,84B
11,29,84
11,36,84
11,37,84
11,37B,84
11,43,84
35,41,84
37,41,84
21,58B,84
33B,47,84
29,52,84
33,48B,84
33B,48,84
33B,49,84
31B,51,84
31,51,84
26,58,84
38,48,84
38,48B,84
41,46,84
35,52,84
37,52,84
37B,52,84
25,65,84
25,65B,84
34,58B,84
9,85,84
9,85B,84
22,73,84
44,51,84
9,90B,84
26,74,84
4,96,84
5,96,84
40,61,84
36,65B,84
40B,61,84
47,54,84
44,58,84
48B,54,84
48,54,84
7,96,84
40,64,84
20,85,84
25,80,84
8,97,84
23,83,84
5,102B,84
40,67,84
34,73,84
40B,67,84
43,65B,84
9,99,84
50,58,84
21,88B,84
7,102B,84
29,80B,84
33,77,84
20,90,84
41,69,84
13,97,84
20,90B,84
13,97,84
28,83,84
29,82,84
33B,78,84
42,71B,84
56,57,84
51,63,84
42,72,84
12,102,84
6,108,84
12B,102,84
38,77,84
19,97,84
56,60,84
13,103,84
13,103,84
36,80,84
6,110B,84
36,80B,84
15,102B,84
15,102,84
10,107,84
37B,80,84
35,82,84
37B,80B,84
6,111,84
10,108,84
31,88,84
37,82,84
12B,107,84
22,97,84
12,107,84
10,109,84
17,102,84
31B,88,84
17,102B,84
21,99,84
12B,108,84
23,98,84
12,109,84
10,111,84
20,101,84
26,95,84
12B,109,84
47,74,84
20,101B,84
19,103,84
39,83,84
34,88B,84
43,80B,84
31,92,84
31B,92,84
43,80,84
49,74,84
19,104B,84
56,68,84
59,65,84
17,107,84
59,65B,84
22,103,84
25,100,84
21,104,84
40B,86,84
40B,86B,84
33,93,84
28,98,84
35,91B,84
40,86B,84
31,95,84
22,104B,84
55,71B,84
33,94,84
55,72,84
32,96,84
32B,96,84
23,106,84
45B,85B,84
45B,85,84
26,105,84
38,94,84
31B,101B,84
31B,101,84
65,67,84
45,88,84
23,110,84
28,106,84
27,108,84
64B,71B,84
45B,90B,84
45B,90,84
60,75,84
46,89,84
45,90B,84
45,90,84
62,73,84
64,71B,84
53,83,84
58,78,84
44,92,84
27,109,84
48B,89B,84
46,91B,84
27,110B,84
46,91,84
34,104,84
27,111,84
59,80B,84
68,71,84
59,80,84
44,95,84
30,110,84
30,110B,84
30,111,84
57,84B,84
50,92,84
60,84B,84
50,95,84
45,101B,84
45,101,84
54,94,84
39,110,84
39,110B,84
62,88B,84
65B,86,84
63,88,84
69,82,84
65,86,84
66,85B,84
66,85,84
74,78,84
68,84B,84
63,90,84
49,105,84
50,105,84
77,79,84
66,90B,84
69,89,84
71,87,84
72,87,84
75,84,84
53,106,84
69,91B,84
76,85,84
76,85B,84
53,110,84
63,101B,84
63,101,84
62,103,84
66,99,84
62,104B,84
70,96,84
77,89B,84
67,100,84
84,84,84
79,93,84
70,102B,84
76,99,84
81B,98,84
81,98,84
76,104,84
89B,93,84
78,105,84
91,93,84
86B,100,84
86,100,84
81B,106,84
5,11,46
7,11,46
11,12,46
11,15,46
11,17,46
1,33,46
2,33,46
3,33,46
3,33B,46
1,38,46
3,38,46
4,41,46
6,40B,46
6,40,46
5,41,46
7,41,46
16,33,46
10,40B,46
25,26,46
16,38,46
5,52,46
24,33,46
3,54,46
7,52,46
20,42,46
24,38,46
8,56,46
24B,41,46
9,57,46
27,40,46
15,52,46
27,40B,46
17,52,46
13,56,46
13,56,46
9,60,46
30,40,46
30,40B,46
16,54,46
6,65,46
25,47,46
31B,42,46
32B,41,46
32,41,46
25,48,46
25,49,46
10,65B,46
10,65,46
19,56,46
20,55,46
12B,65B,46
9,68,46
20,57,46
12,65,46
12,65B,46
29,48,46
12B,65,46
29,48B,46
22,56,46
24,54,46
39,40,46
8,71,46
39,40B,46
1,79,46
8,72,46
21,60,46
11,70,46
2,79,46
17,65B,46
36,47,46
35,48B,46
36,48B,46
36,48,46
37B,47,46
13,71,46
13,71,46
32,52,46
37B,48B,46
37,48B,46
37B,48,46
5,80B,46
36,49,46
31,55,46
4,82,46
31B,55,46
42,45,46
26,61,46
5,82,46
42,45B,46
21,68,46
7,82,46
10,80,46
19,71,46
43,47,46
1,89B,46
43,48B,46
43,48,46
2,89B,46
2,89,46
12B,80,46
12,80,46
1,91,46
12B,80B,46
27,65B,46
27,65,46
12,80B,46
31,61,46
8,84B,46
31B,61,46
46,46,46
26,67,46
4,89,46
2,91,46
14,79,46
40,53,46
19,75,46
34,60,46
23,71B,46
31B,64B,46
31B,64,46
15,80,46
15,80B,46
31,64B,46
4,91B,46
4,91,46
23,72,46
31,64,46
13,84B,46
15,82,46
13,84B,46
18,79,46
17,80,46
17,80B,46
22,75,46
7,91B,46
28,71B,46
28,72,46
45,55,46
45B,57,46
24,79,46
19,84B,46
24B,79,46
25,78,46
14,89B,46
14,89,46
42,63,46
16,89B,46
44,61,46
21,84,46
14,91,46
14,91B,46
22,84,46
47,59,46
22,84B,46
29,77,46
6,100,46
20,87,46
18,89,46
18,89B,46
48,59,46
44,64,46
44,64B,46
49,59,46
34,75,46
45,64B,46
18,91,46
39,71B,46
10,100,46
41,70,46
50,61,46
44,67,46
26,86,46
35,77,46
12B,100,46
26,86B,46
24,89B,46
45B,68,46
24B,89,46
37,77,46
32,82,46
32B,82,46
37B,77,46
50,64,46
24B,91B,46
24B,91,46
46,69,46
49,67,46
31,86B,46
50,67,46
34,84,46
55,63,46
56,62,46
32,89,46
32B,89,46
52,70,46
29,93,46
32,91B,46
57,66,46
29,94,46
32B,91B,46
53,71B,46
60,66,46
63,64B,46
63,64,46
27,100,46
35,93,46
36,94,46
37,93,46
30,100,46
44,86B,46
37B,94,46
37,94,46
45B,87,46
45,87,46
47,86,46
57,76,46
66,68,46
49,86,46
60,76,46
50,86,46
50,86B,46
59,78,46
62,75,46
43,94,46
46,93,46
68,76,46
67,78,46
69,77,46
62,84,46
63,87,46
71,81,46
71B,81B,46
71,81B,46
70,82,46
72,81,46
66,87,46
59,94,46
72,81B,46
69,93,46
78,86B,46
78,86,46
81,84B,46
4,11,93
11,14,93
11,24B,93
1,41,93
11,32B,93
11,32,93
2,41,93
10,40,93
9,42,93
12B,40,93
12,40B,93
12,40,93
12B,40B,93
2,52,93
15,40B,93
14,41,93
26,29,93
25,31B,93
25,31,93
4,52,93
17,40,93
17,40B,93
18,41,93
26,36,93
21,42,93
26,37B,93
9,55,93
24,41,93
14,52,93
25,44,93
26,43,93
18,52,93
5,65B,93
5,65,93
7,65,93
7,65B,93
9,64B,93
25,50,93
29,47,93
24B,52,93
6,71B,93
29,49,93
21,57,93
6,72,93
19,60,93
23,56,93
36,44,93
15,65B,93
15,65,93
10,71B,93
20,61,93
22,60,93
17,65,93
3,79,93
35,47,93
35,48,93
8,75,93
1,82,93
2,82,93
20,64B,93
4,80B,93
20,64,93
28,56,93
37,47,93
35,49,93
4,80,93
32B,52,93
37,48,93
5,80,93
26,59,93
37B,49,93
37,49,93
36,50,93
7,80B,93
37B,50,93
7,80,93
13,75,93
13,75,93
1,89,93
22,68,93
31,59,93
34,57,93
8,84,93
1,91B,93
3,89B,93
3,89,93
43,49,93
43,50,93
2,91B,93
23,71,93
3,91,93
46,48B,93
46,48,93
16,79,93
9,87,93
14,82,93
13,84,93
32,65B,93
13,84,93
31B,67,93
27,71B,93
31,67,93
28,71,93
18,82,93
45B,55,93
30,71B,93
34,68,93
30,72,93
44,59,93
19,84,93
24B,80B,93
5,100,93
16,89,93
20,86B,93
24B,82,93
45,61,93
45B,61,93
23,84B,93
16,91,93
16,91B,93
29,78,93
42,66,93
21,87,93
50,59,93
18,91B,93
45B,64B,93
45B,64,93
45,64,93
39,71,93
39,72,93
12,100,93
28,84B,93
45,67,93
32B,80,93
32B,80B,93
32,80,93
32,80B,93
24,89,93
36,78,93
24,91B,93
24,91,93
37B,78,93
15,100,93
37,78,93
47,69,93
17,100,93
48B,69,93
31,86,93
31B,86,93
31B,86B,93
48,69,93
42,76,93
57,62,93
34,87,93
55,66,93
43,78,93
60,62,93
46,77,93
61,63,93
53,71,93
53,72,93
35,94,93
64,66,93
64B,66,93
62,68,93
63,67,93
44,86,93
55,76,93
45,86B,93
65B,70,93
65,70,93
53,84B,93
56,81B,93
56,81,93
46,94,93
64B,76,93
63,86B,93
63,86,93
70,80B,93
70,80,93
75,81,93
75,81B,93
76,87,93
69,94,93
81,84,93
81B,84B,93
77,93,93
93,93,93
4,8,27
6,10,27
4,13,27
4,13,27
6,12B,27
2,19,27
1,22,27
3,21,27
2,22,27
13,14,27
13,14,27
5,23,27
8,24B,27
6,27,27
5,28,27
14,19,27
7,28,27
14,22,27
10,27,27
3,34,27
16,21,27
13,24B,27
18,19,27
13,24B,27
15,23,27
17,23,27
10,30,27
8,32,27
8,32B,27
18,22,27
12,30,27
12B,30,27
19,24B,27
15,28,27
16,34,27
12,39,27
12B,39,27
27,27,27
17,39,27
24,34,27
1,62,27
2,62,27
12,53,27
15,53,27
17,53,27
4,81,27
5,81B,27
24,62,27
7,81,27
7,81B,27
28,70,27
32B,81,27
32,81B,27
32,81,27
70,81B,27
83,96,102
83,102B,102
83,102,102
96,98,102
96,102,102
98,102B,102
96,106,102
96,107,102
102,102,102
102,102B,102
102B,102,102
96,108,102
96,109,102
96,110,102
96,110B,102
96,111,102
102B,106,102
102,107,102
102B,107,102
102B,108,102
102,108,102
102,109,102
102B,109,102
102B,110B,102
102B,110,102
102,110,102
102,110B,102
102B,111,102
102,111,102
107,108,102
107,109,102
107,110,102
107,110B,102
108,109,102
108,110B,102
107,111,102
109,110B,102
108,111,102
109,111,102
6,11,37
2,33B,37
5,33,37
7,33,37
11,30,37
4,38,37
7,38,37
14,33B,37
8,40,37
8,40B,37
11,39,37
10,41,37
18,33B,37
13,40,37
12B,41,37
13,40,37
3,51,37
24B,33B,37
4,54,37
6,52,37
1,58,37
29,35,37
32,33,37
9,56,37
29,37,37
26,42,37
27,41,37
32B,38,37
32,38,37
35,37B,37
35,37,37
16,58,37
37,37,37
1,74,37
2,74,37
24B,54,37
27,52,37
36,46,37
24,58,37
30,52,37
37B,46,37
5,79,37
32,54,37
32B,54,37
14,74,37
31,57,37
23,65,37
6,82,37
23,65B,37
43,46,37
19,71B,37
31B,60,37
31,60,37
42,49,37
10,82,37
21,71,37
18,74,37
28,65,37
22,71B,37
28,65B,37
15,79,37
5,89B,37
3,92,37
20,75,37
7,89B,37
17,79,37
29,69,37
3,95,37
31B,68,37
31,68,37
44,57,37
12,89,37
12B,89,37
10,91B,37
47,55,37
23,80,37
12,91,37
12B,91B,37
33,70,37
12,91B,37
49,55,37
15,89B,37
20,84,37
21,84B,37
34,71,37
36,69,37
46,59,37
15,91,37
1,105,37
34,72,37
37B,69,37
17,89,37
50,57,37
2,105,37
17,91,37
16,92,37
48,61,37
27,82,37
48B,61,37
30,80B,37
47,64B,37
16,95,37
47,64,37
44,68,37
48,64,37
48,64B,37
43,69,37
49,64B,37
26,87,37
48B,67,37
53,65B,37
25,93,37
39,80B,37
39,80,37
24,95,37
42,78,37
45B,75,37
40B,81B,37
40,81,37
40B,81,37
56,66,37
60,63,37
28,100,37
24,105,37
45B,84,37
45,84,37
56,76,37
53,80,37
55,78,37
62,71B,37
53,80B,37
62,72,37
48B,86B,37
50,87,37
66,75,37
67,77,37
65,81B,37
61,94,37
64,94,37
70,89B,37
67,93,37
76,84B,37
77,86,37
77,86B,37
78,87,37
86,93,37
86B,94,37
81B,100,37
81,100,37
